timestamp,row_index,tweet_id,screen_name,full_text,elapsed_sec,A1_utile,A2_categorie,A3_sentiment,A4_type,A5_gravity,Final_utile,Final_categorie,Final_sentiment,Final_gravity,status,json_valid
2025-11-19 14:00:52,1,1343458257915031553,m_annuel,"üí© √† @free parce-que D√©bit Tr√®s instable, ‚Ä¶ \n\nFree en France: vitesse, performances, pannes et commentaires des utilisateurs\nüëâ https://t.co/Yab5ES2gLh\n\n#fing #internet #Free\n\nvia @fingapp @outagedetect",2.78,True,probleme,frustration,panne,-10,False,,,0,success/error,yes
2025-11-19 14:00:53,2,1393158240083587075,Freebox,"RT @free: Retrouvez d√©sormais @ToonamiFR, la cha√Æne pour tous les fans de super-h√©ros sur le canal 82 ! https://t.co/kuAYafYDiT",1.4,False,retour_client,satisfaction,resiliation,-7,False,retour_client,satisfaction,0,success,yes
2025-11-19 14:00:55,3,1403337211475546112,Freebox,"RT @free: A suivre ce soir, le 1er match de l‚ÄôUEFA EURO 2020‚Ñ¢ en #4K sur votre Freebox avec TF1 4K ! üáπüá∑‚öΩÔ∏èüáÆüáπ #EURO2020 https://t.co/gMTcYtGd‚Ä¶",1.66,False,probleme,neutre,abonnement,-9,False,probleme,neutre,0,success,yes
2025-11-19 14:00:56,4,1403337257571004417,Freebox,"RT @free: Disponible sur le canal 101 avec les Freebox compatibles, Pop, Delta Devialet &amp; Mini4k !\nhttps://t.co/rZugCytA1J",1.31,False,retour_client,positive,abonnement,-5,False,retour_client,positive,0,success,yes
2025-11-19 14:00:58,5,1418550491034882052,Freebox,"¬´ Faites vos premiers pas avec nous ! D√©couvrez votre nouveau site d'assistance Freebox et Mobile, sur https://t.co/yw1XX4zeSx üöÄ https://t.co/YCMv79evbM",1.55,False,retour_client,neutre,abonnement,0,False,retour_client,neutre,0,success,yes
2025-11-19 14:00:59,6,1424635437834981377,Freebox,RT @free: ‚ö†Ô∏è Des personnes malveillantes se font passer pour le service client de Free dans le but de faire baisser votre facture Freebox :‚Ä¶,1.49,True,probleme,colere,facturation,-3,False,,colere,0,success/error,yes
2025-11-19 14:01:00,7,1436312920124760064,Freebox,"RT @free: [NOUVEAU]\nAbonn√©s Freebox Pop, pour bien commencer la rentr√©e, CANAL+S√âRIES vous est offert pendant 1 an ! üòçüòé@canalplus https://t‚Ä¶",1.1,False,probleme,satisfaction,abonnement,-8,False,,,0,success,yes
2025-11-19 14:01:01,8,1437793652827463680,Freebox,"RT @BusyspiderFr: Astuce üí°Chez @Free les Emails sont √† vie, mais suite √† r√©siliation @Freebox, ils deviennent orphelins. Pour les rendre de‚Ä¶",1.12,False,probleme,colere,resiliation,0,False,probleme,colere,0,success,yes
2025-11-19 14:01:03,9,1438534927734169617,Freebox,"FreePlugs et bo√Ætiers CPL personnels : g√©rer votre r√©seau CPL üîó\nOn vous explique comment installer, optimiser et/ou repenser votre r√©seau CPL afin d'am√©liorer la liaison avec vos √©quipements.\nhttps://t.co/DhK2hGTAR3 https://t.co/JF6sn3PMyK",1.62,True,probleme,neutre,abonnement,0,False,probleme,neutre,0,success,yes
2025-11-19 14:01:04,10,1446153856849743873,Freebox,"RT @free: Vous allez commencer le match avec 15 min de retard ?  Pas de soucis avec la fonction Start-over, maintenant disponible sur Freeb‚Ä¶",1.39,False,probleme,colere,panne,-6,False,probleme,colere,0,success,yes
2025-11-19 14:01:06,11,1450733388390965251,Freebox,"RT @free: L'application Freebox Home est maintenant disponible en version officielle pour Android &amp; iOS. üì≤\nPour la t√©l√©charger, c'est ici‚û°Ô∏è‚Ä¶",1.41,False,retour_client,satisfaction,panne,0,False,retour_client,satisfaction,0,success,yes
2025-11-19 14:01:07,12,1466056554667548691,Freebox,"RT @Free_1337: Une coupure de fibres ""multi op√©rateurs"" engendre depuis ce matin des perturbations de service sur Saint Pol sur Ternoise (6‚Ä¶",1.12,False,probleme,colere,panne,-8,False,probleme,colere,-8,success,yes
2025-11-19 14:01:08,13,1468535102808416264,Freebox,RT @Free_1337: Nous avons un incident qui engendre une perte de service de certains abonn√©s sur les villes de Laon et Soissons (02). Une in‚Ä¶,1.39,True,probleme,colere,panne,0,False,probleme,colere,0,success,yes
2025-11-19 14:01:10,14,1468923610521870340,Freebox,RT @Free_1337: Une rupture de fibre entra√Æne des perturbations de service dans la r√©gion de Cernay La Ville et Chevreuse (78). Une √©quipe e‚Ä¶,1.38,False,probleme,frustration,panne,-5,False,probleme,frustration,0,success,yes
2025-11-19 14:01:11,15,1469294236440969226,Freebox,RT @Free_1337: Une rupture de fibre entra√Æne des perturbations de service depuis 14h30 sur une partie de Strasbourg / Koenigshoffen / Crone‚Ä¶,1.3,True,retour_client,frustration,panne,-10,False,retour_client,frustration,0,success,yes
2025-11-19 14:01:12,16,1471118475452104707,Free_1337,"Un incident sur nos fibres engendre des perturbations de service sur une partie des d√©partements du Lot (46) et de l'Aveyron (12).\nDes investigations sont en cours, merci de votre patience.",1.46,False,probleme,colere,panne,-2,False,probleme,colere,0,success,yes
2025-11-19 14:01:14,17,1471133735865098240,Freebox,RT @Free_1337: Un incident sur nos fibres engendre des perturbations de service sur une partie des d√©partements du Lot (46) et de l'Aveyron‚Ä¶,1.5,False,probleme,colere,panne,-8,False,probleme,colere,-8,success/error,yes
2025-11-19 14:01:16,18,1474424640470614017,Freebox,Les √©quipes de l‚Äôassistance Free vous souhaitent de joyeuses f√™tes ! Nos services profitent aussi des f√™tes ce 25 d√©cembre et seront de retour le 26 d√®s 9h00 ! üéÖüèªüéÅ https://t.co/dhPpFn9nfG,1.61,False,retour_client,neutre,panne,0,False,retour_client,neutre,0,success,yes
2025-11-19 14:01:17,19,1476961348131049473,Freebox,Les √©quipes de l‚Äôassistance Free vous souhaitent une excellente ann√©e 2022 ! Nous ferons aussi la f√™te le 1er janvier et nous serons de retour le 02 d√®s 9h00 ! üéÜüéâ https://t.co/Nhz5mq8kuR,1.13,False,retour_client,satisfaction,abonnement,-10,False,retour_client,satisfaction,0,success,yes
2025-11-19 14:01:18,20,1480457311051255811,free,"Libert√©, √©galit√©, prix inchang√©s. https://t.co/n0IdhVaeCq",1.35,False,probleme,colere,panne,0,False,probleme,colere,0,success,yes
2025-11-19 14:01:19,21,1480465391424053249,GroupeIliad,üéÇ @free c√©l√®bre aujourd'hui 10 ans de r√©volution mobile ! Notre CP üëâ https://t.co/4wiuxqOx9b https://t.co/c1e4svvexn,1.17,False,probleme,satisfaction,abonnement,-5,False,probleme,satisfaction,0,success,yes
2025-11-19 14:01:21,22,1481569489741352965,Freebox,"RT @free: D√©couvrez Imearth, la nouvelle cha√Æne d‚Äôimmersion dont vous √™tes le h√©ros et projetez vous au c≈ìur du monde qui nous entoure !\nIm‚Ä¶",1.47,False,retour_client,satisfaction,abonnement,-9,False,retour_client,satisfaction,0,success,yes
2025-11-19 14:01:22,23,1481898887937880067,free,"Et si votre mobile a rendu l'√¢me, d√©posez-le dans une boite de collecte disponible dans nos boutiques Free pour qu'il soit recycl√© ‚ôªÔ∏è.\n\nVous pourrez en profiter pour vous offrir un smartphone reconditionn√© √† prix Free ‚ò∫Ô∏èüì±",1.53,False,probleme,satisfaction,panne,-5,False,probleme,satisfaction,0,success,yes
2025-11-19 14:01:24,24,1485331097844129798,MitchelMcPat,Et vous √ßa se passe comment la fibre ?\n@Sosh_fr @CovageIDF_OUEST c‚Äôest la mis√®re vraiment jpp https://t.co/I41UXroh0F,1.29,False,probleme,frustration,abonnement,0,False,probleme,frustration,0,success/error,yes
2025-11-19 14:01:25,25,1485593294944063490,Free_1337,"Un coupure de fibre entra√Æne une interruption de service pour une partie des abonn√©s de Cergy (95). Des √©quipes sont sur place, nous vous tiendrons inform√©s.\nMerci pour votre patience.",1.3,False,probleme,frustration,panne,-3,False,probleme,frustration,0,success,yes
2025-11-19 14:01:26,26,1485595787144966144,Freebox,RT @Free_1337: Un coupure de fibre entra√Æne une interruption de service pour une partie des abonn√©s de Cergy (95). Des √©quipes sont sur pla‚Ä¶,1.34,False,probleme,frustration,abonnement,0,False,probleme,frustration,0,success,yes
2025-11-19 14:01:28,27,1495710997356716035,Free_1337,"Bonjour, une rupture de fibre engendre depuis ce matin une interruption de service sur la r√©gion de Cernay la Ville (78) ainsi qu'une partie du 78 et du 91.\nUne √©quipe est sur place, nous vous tiendrons inform√© de l'√©volution de la situation. Merci pour votre patience. https://t.co/2XIRCXyR7j",1.56,True,probleme,neutre,panne,0,False,probleme,Alerte majeure ,0,success,yes
2025-11-19 14:01:29,28,1495762847825272834,Freebox,"RT @Free_1337: Bonjour, une rupture de fibre engendre depuis ce matin une interruption de service sur la r√©gion de Cernay la Ville (78) ain‚Ä¶",1.36,False,probleme,frustration,resiliation,-2,False,probleme,frustration,0,success,yes
2025-11-19 14:01:30,29,1594961300651646976,free,"üö® En exclusivit√©, le 11 de ce soir : https://t.co/lIxWnFVZqd",1.1,False,probleme,neutral,abonnement,-5,False,probleme,neutral,0,success,yes
2025-11-19 14:01:32,30,1694675653205860558,jnbarrot,"Dans la lutte contre les installations sauvages et les infrastructures d√©grad√©es, la bonne formation des techniciens qui d√©ploient la fibre est essentielle. J'√©tais ce matin aux c√¥t√©s d'Idriss, formateur au centre de formation technique @free √† Argenteuil, dans le Val-d'Oise. https://t.co/nKKA40veRw",1.62,True,retour_client,satisfaction,abonnement,0,False,retour_client,satisfaction,0,success,yes
2025-11-19 14:01:33,31,1695912123824546156,rgaidot,"Hello @free, @Freebox et @orange je crois que nous allons avoir prochainement un gros probl√®me de fibre / PBOE https://t.co/IreryVRyFc",1.42,False,probleme,colere,abonnement,-5,False,probleme,colere,-5,success,yes
2025-11-19 14:01:34,32,1709659172361404776,EllaVerite,"Bonsoir @WavemakerFR, je suis chez @free et voici ma bande passante #Freebox ‚§µÔ∏è\nVous allez pouvoir vous moquer d'eux dans votre prochain spot publicitaire @reef_telecom\n\n@Freebox @FreePro @GroupeIliad @Xavier75 ü§° https://t.co/f2CDpSoXJF",1.15,False,probleme,colere,panne,-7,False,probleme,colere,-7,success,yes
2025-11-19 14:01:36,33,1711773973401235737,michfrapp,"@free @Xavier75 @NThomas82Free \n\nEn 3 ans l‚Äô√©quipe technique de Free (le ¬´¬†BOC¬†¬ª m‚Äôa t‚Äôon dit) n‚Äôest pas capable d‚Äôamener 3 m√®tres (ou moins!) de c√¢ble Fibre, afin que j‚Äôai la fibre (cercle rouge) comme mes voisines dont nos maisons sont mitoyennes (cercles verts). Satisfaisant?! https://t.co/Z1Wn4nhGmu",1.18,True,probleme,frustration,abonnement,-5,False,probleme,frustration,0,success,yes
2025-11-19 14:01:37,34,1752257145536463314,free,Free vous pr√©sente : Freebox Ultra https://t.co/npfjDMNJQ2,1.4,False,probleme,neutral,panne,-4,False,probleme,neutral,0,success,yes
2025-11-19 14:01:38,35,1752264227656544511,free,Freebox Ultra : la box la plus puissante et la plus compl√®te du march√© avec les meilleurs contenus inclus.,1.46,False,retour_client,satisfaction,panne,0,False,retour_client,satisfaction,0,success,yes
2025-11-19 14:01:40,36,1752679131920076838,free,"Encore des travaux, toujours des travaux.\nLa Freebox R√©volution Light au prix mythique de 29,99‚Ç¨/mois c‚Äôest dispo üëâ https://t.co/unO0ngya37 https://t.co/gcoEYsMtA1",1.59,False,retour_client,colere,abonnement,2,False,retour_client,colere,0,success,yes
2025-11-19 14:01:41,37,1759266279620247842,TomReynaud1789,".@free a 25 ans et tient toujours ses promesses en terme de pouvoir d‚Äôachat et d‚Äôinnovation. 3 quinquennats sans toucher aux prix de nos forfaits mobiles, voil√† une promesse √† laquelle les fran√ßais peuvent croireüá´üá∑üôèüî•",1.15,True,probleme,satisfaction,abonnement,-10,False,probleme,satisfaction,0,success,yes
2025-11-19 14:01:42,38,1762571081402011959,nephthys,√áa fonctionne super bien la Fibre Free ce soir... Franchement c'est abus√©. D√©j√† l'autre soir la TV de Free (OQEE) √©tait carr√©ment indisponible ! #FTTH #fibre #Free #Var @Freebox @Free_1337 @free https://t.co/UwrutxJMD9,1.25,True,probleme,frustration,abonnement,0,True,probleme,frustration,0,success,yes
2025-11-19 14:01:44,39,1795484249178755134,free,L‚Äô√©lite a connu la t√©l√©commande en acier galvanis√©.,1.32,False,probleme,colere,abonnement,5,False,probleme,colere,0,success/error,yes
2025-11-19 14:01:45,40,1797569914015780940,free,"üá´üá∑ ALERTE INFO | Le prix des forfaits mobiles Free 2‚Ç¨ et 19,99‚Ç¨ n‚Äôaugmentera pas d'ici 2027.",1.47,False,retour_client,neutre,abonnement,0,False,retour_client,neutre,0,success,yes
2025-11-19 14:01:47,41,1800904073501462894,free,R√©volutionner le march√© des t√©l√©coms.,1.34,False,probleme,satisfaction,panne,0,False,probleme,satisfaction,0,success,yes
2025-11-19 14:01:48,42,1805918937810362408,free,"Free, c'est pr√®s de 650 postes √† pourvoir partout en France. \n\nEt toi, t'es libre ? \n\nüëâ https://t.co/DwufxIbZus https://t.co/MPr3FWat8S",1.54,False,probleme,colere,resiliation,-10,False,probleme,colere,0,success,yes
2025-11-19 14:01:49,43,1811040987365421110,FrenchTea13,"@Xavier75 et tout le r√©seau @Freebox sachez qu'une main courante va √™tre d√©pos√©e, et ira plus loin s'il le faut.\n6 appels en 24h avec 6 num√©ros diff√©rents quand je demande de retirer mon num√©ro de vos bases de donn√©es c'est du harc√®lement.\nVos forfaits de merde j'en veux pas.",1.32,True,probleme,frustration,resiliation,-8,False,probleme,frustration,0,success,yes
2025-11-19 14:01:51,44,1811340901450473847,Free_1337,"[Speedtest] Hop ! Le nouveau serveur nPerf 100 Gb/s pour vos tests de d√©bit @free est apparu. Il vous permettra d‚Äôeffectuer une sym√©trie de vos speedtest @nPerf pour des conditions optimales. üöÄ‚ú® #Nperf #Free #Speedtest\n\nAlors, √ßa donne quoi vos tests ? https://t.co/UE2OJDZ1tw",1.16,True,probleme,satisfaction,abonnement,0,False,probleme,satisfaction,0,success,yes
2025-11-19 14:01:52,45,1812874502642049501,Tubbydev,"@free @Xavier75 Installer la fibre sans autorisation du propri√©taire et en per√ßant de partout, c'est normal ?",1.39,False,probleme,frustration,abonnement,-9,False,probleme,frustration,0,success,yes
2025-11-19 14:01:53,46,1813101958900879811,GrandOeil_,"On ne se rend pas assez compte que sans Xavier Niel aujourd'hui on paierait tous nos forfaits 144,99‚Ç¨ avec 65 SMS par jour, 2h d'appel par mois et 150Mo de donn√©es mobiles",1.52,True,probleme,colere,facturation,0,False,,,0,success,yes
2025-11-19 14:01:55,47,1813210070596935950,free,T‚Äôas pr√©cis√© qu‚Äôon n‚Äô√©tait pas gratuit ?,1.39,False,probleme,colere,abonnement,0,False,probleme,colere,0,success,yes
2025-11-19 14:01:56,48,1813231927559643512,Xavier75,‚ÄúC‚Äô√©tait mieux avant‚Äù\n\nAvant : https://t.co/YLMSCOBQAC,1.29,False,probleme,frustration,abonnement,-5,True,probleme,frustration,0,success,yes
2025-11-19 14:01:58,49,1813254932449140912,Ben29072013,@free 13 minutes 13 sec!!!!!  c'est le temps ENCOREEEEE UNE FOIS PERDU √† attendre apr√®s free pour r√©soudre un probl√®me r√©curent !! INCOMP√âTENCE !!!!  Ils ne r√©pondent jamais!!!!! https://t.co/2FdeQbWjHg,1.42,False,probleme,frustration,resiliation,-10,False,probleme,frustration,0,success,yes
2025-11-19 14:01:59,50,1813267588560134325,ultrakfr,"J'avais vu juste et il n'aura finalement fallu attendre que quelques heures.\n\nFree ajoute actuellement les versions HDR de France 2 UHD et France 3 UHD !\n\nDe mauvais √©l√®ve, et apr√®s de nombreux messages de m√©contentements sur l'absence de HDR, @OQEEbyFree @Freebox passe en t√™te en proposant dor√©navant deux versions : SDR et HDR. De quoi satisfaire tout le monde (pour ceux qui ont des probl√®mes avec le HDR) ü•≥\n\nFrance 2 UHD : canal 102\nFrance 2 UHD HDR : canal 103\nFrance 3 UHD : canal 104 (ex canal 103)\nFrance 3 UHD HDR : canal 105\n\nDispo suivant la freebox (mettez en commentaire si vous l'avez, ou pas, sur votre Freebox 4K), quelques bugs actuellement (le temps de mettre en place les flux)\n\n(photo discord jartabul)",1.21,True,probleme,satisfaction,abonnement,-5,False,probleme,satisfaction,0,success,yes
2025-11-19 14:02:00,51,1813579520819286432,_Kirikou_,"Le service proximit√© de @free 1 des plus grosses arnaques de ces derni√®res ann√©es.Incomp√©tents et compl√®tement d√©pass√©s.Tu en sais plus qu'eux,tu leur dis ce qui marche pas,tu prends un rdv avec un technicien qui vient que ds 1 semaine!\nPratique pr le t√©l√©travail!\nPlus de reponse",1.48,True,probleme,frustration,abonnement,-10,False,probleme,frustration,0,success,yes
2025-11-19 14:02:02,52,1813581407668871481,fannnoche,"@free comment vous joindre ? j'ai √©t√© d√©bit√© pour non restitution de mat√©riel pour une r√©siliation de ligne que je n'ai pas effectu√©e moi m√™me, impossible de vous joindre car mes identifiants n existent plus, vos relances sont arriv√©es directement.",1.43,True,probleme,colere,resiliation,-10,True,,,0,success,yes
2025-11-19 14:02:03,53,1813585524109771255,free,La Freebox #Ultra dans Paris https://t.co/2wcCY93kSD,1.38,False,probleme,satisfaction,abonnement,0,False,probleme,,0,success,yes
2025-11-19 14:02:04,54,1813586665371513000,tud0z,@free ma fibre HS depuis 3 semaines https://t.co/E8AEMBdLku,1.32,False,probleme,frustration,panne,-5,False,probleme,frustration,0,success,yes
2025-11-19 14:02:06,55,1813586931986698575,mglp__,@free Vous pouvez m‚Äôenvoyer les avengers de la fibre svp les m√™mes que j‚Äôai chez @terracid √ßa fait 1mois que j‚Äôattend,1.39,False,retour_client,frustration,abonnement,-9,False,retour_client,frustration,0,success,yes
2025-11-19 14:02:07,56,1813604838682325386,Lorkydey,"Bon je travaille En remote chez moi et √ßa fait 1 semaine que j‚Äôai plus de connexion avec @free , ils ont envoy√© un technicien qui a dit ¬´¬†on vous envoie un autres tech¬†¬ª et depuis plus de nouvelles, de base je kiff free, @Xavier75 le boss etc etc mais la ,,,.",1.63,True,probleme,frustration,resiliation,2,False,probleme,frustration,0,success,yes
2025-11-19 14:02:09,57,1813625655374098443,Marc_Vador,@free il va falloir revoir la s√©lection des installateurs de fibre optique !!! J‚Äôai pas command√© un fil pour √©tendre mon linge ‚Ä¶ le voisin non plus ! Donc va falloir revenir !!! https://t.co/eAVSxCijnq,1.55,True,probleme,colere,panne,-5,False,probleme,colere,0,success,yes
2025-11-19 14:02:10,58,1813628840624943206,gurbain69,"@OQEEbyFree @wdufour105 @ultrakfr @Freebox Bonjour\nComptez vous int√©grer les versions HDR de FR2 et FR3 sur les applis Oqee TV hors player pop (LG TV) ? Et si oui, sous quel d√©lai approximatif (√† temps pour les JO) ?\nNous sommes nombreux √† utiliser l'appli sans le d√©codeur, ce serait tr√®s appr√©ciable.\nMerci par avance",1.16,True,retour_client,frustration,abonnement,0,False,retour_client,frustration,0,success,yes
2025-11-19 14:02:12,59,1813633896136994907,Motsen78,@Free_1337 @Freebox @Xavier75 \n1/2 \nSalut Free je d√©sesp√®re.....\nClient depuis 20 ans payant √† chaque fois le renouvellement de mes box plein tarif sans jamais un geste commercial pour ses vieux clients. \nJe subis depuis le moi de juin des coupures intempestifs de ma ligne,1.44,True,probleme,frustration,abonnement,-5,False,probleme,frustration,0,success/error,yes
2025-11-19 14:02:13,60,1813652642113229136,soulakhey,@Freebox de l‚Äôaide s‚Äôil vous pla√Æt üôèüèº https://t.co/g7y5s0xEOw,1.31,False,probleme,frustration,resiliation,0,False,probleme,frustration,0,success/error,yes
2025-11-19 14:02:14,61,1813672057575731665,coWiqx,"@free @GrandOeil_ Ne passez pas chez free !!!! Depuis le mois de mai, j'attends qu'ils me rendent ma cl√© avec laquelle l'installateur free est parti !!",1.32,False,probleme,colere,resiliation,-10,False,probleme,colere,0,success,yes
2025-11-19 14:02:16,62,1813684903856468282,Darknig78166491,@Freebox pourquoi j‚Äôai des bugs de connexion wsh je paye la fibre,1.39,False,probleme,frustration,facturation,0,True,,,0,success,yes
2025-11-19 14:02:17,63,1813698687253746036,HugoRLT__,"Merci @free de m'avoir fait passer une ""super"" soir√©e en live et merci pour ces 2 d√©connexions pour une mise √† jour de la box en pleine soir√©e...\n\nEn l'espace de 2 mois j'ai d√©j√† eu 2 soucis majeur de connexion avec votre box.... et √ßa sans JAMAIS aucun geste commercial...",1.49,True,probleme,frustration,abonnement,-10,False,probleme,frustration,-10,success/error,yes
2025-11-19 14:02:19,64,1813864570282541144,tontonyoy,Bonjour @free je cherche √† modifier des mots de passe de bo√Ætes mails qui sont g√©r√©s chez vous sur des domaines un peu vieux. Comment peut-on faire √ßa n'a pas l'air possible via la page webmail free,1.58,True,probleme,frustration,panne,0,False,,,0,success/error,yes
2025-11-19 14:02:20,65,1813867624843055326,hnchck,"@Freebox Bonjour, mes parents ont fait leur inscription ( enfin ! ) le 9, et depuis pas de nouvelle toujours bloqu√© √† cette √©tape, c'est normal ? https://t.co/NZRZz77fdu",1.43,False,probleme,frustration,abonnement,-6,False,,null,0,success,yes
2025-11-19 14:02:22,66,1813886775799984228,AnthonyPiresG,"@Freebox c‚Äôest normal des signalements pour pertes de synchro (des dizaines de fois par jour), des rendez-vous techniciens annul√© sans pr√©venir le client, une assistance t√©l√©phonique qui indique que la ligne est r√©tablie alors que la Freebox est en √©tape 3? #freeboxUltra",1.47,True,probleme,frustration,abonnement,-8,False,,,0,success,yes
2025-11-19 14:02:23,67,1813922662487568753,Free_1337,1/2 [SMSoIMS] Vous pouvez d√©sormais envoyer tous vos SMS par le r√©seau 4G ou Wi-Fi en France m√©tropolitaine.\nL‚Äôoption est activ√©e automatiquement pour l‚Äôensemble des abonn√©s mobiles @free et disponible selon la compatibilit√© de votre t√©l√©phone (Android et iOS). https://t.co/V4NVKpLpLY,1.42,True,probleme,neutre,panne,-10,False,probleme,neutre,0,success,yes
2025-11-19 14:02:25,68,1813977091500802109,jacquesnote,@Freebox je ne comprend pas une amie abonn√©e chez vous avec la delta depuis 2 ans on lui a offert les frais de migration vers la ultra. Moi je suis abonn√© chez vous depuis 2009 et a moi on me fait payer les frais de migration vers la ultra inadmissible,1.54,True,probleme,frustration,abonnement,-8,False,probleme,frustration,0,success,yes
2025-11-19 14:02:26,69,1814009656504885552,Y__htz,Depuis le 23/06 je suis en attente d‚Äôun rdv pour la fibre chez @free je suis du coup pas encore client et je pense qu‚Äôa cette allure l√† je ne le serai jamais !! Honteux,1.44,False,probleme,colere,abonnement,-8,False,probleme,colere,-8,success,yes
2025-11-19 14:02:27,70,1814030614103785545,ariii_miss,@jamelphenomeno @free @free d√©p√™chez vous,1.29,False,retour_client,colere,facturation,0,False,retour_client,colere,0,success,yes
2025-11-19 14:02:29,71,1814031065990001071,bavrooo,@jamelphenomeno @free moi aussi j'attend le technicien depuis une semaine,1.33,True,probleme,frustration,abonnement,-8,True,probleme,frustration,0,success,yes
2025-11-19 14:02:30,72,1814034736118927866,GTrotereau,"@free allo,avez vous des nouvelles pour le r√©seau SVP ???",1.27,False,retour_client,colere,abonnement,0,False,retour_client,colere,0,success,yes
2025-11-19 14:02:31,73,1814035247333253492,GTrotereau,@DjheyHl @free Non plus rien depuis 15 mn m√™me Coralie est chez Free en t√©l√©phonie et pas de r√©seau,1.35,False,probleme,frustration,panne,-5,False,probleme,frustration,-5,success,yes
2025-11-19 14:02:32,74,1814081417405497766,gnabxnahc,rendez la wifi @free,1.24,False,probleme,frustration,panne,-1,False,probleme,frustration,0,success,yes
2025-11-19 14:02:34,75,1814208069481422980,Ben29072013,@Freebox Non mais vous r√©pondre trois jours apr√®s... Super le service apr√®s vente,1.26,False,probleme,frustration,resiliation,0,False,probleme,frustration,0,success/error,yes
2025-11-19 14:02:35,76,1814215859520352478,MasimSaid,@Freebox Bonjour j'ai fait installer votre box depuis 10 min. Mais comment on fait pour avoir un √™tre humain en ligne pour assistance ? Impossible au 3244 ni au 1044. Merci,1.36,False,retour_client,colere,resiliation,-7,False,retour_client,colere,-7,success/error,yes
2025-11-19 14:02:36,77,1814220122342470038,Dorban,"@Freebox bonjour Free. Cela fait 1 mois que je n'ai plus internet. Un rdv avait √©t√© fix√© puis annul√© pour, je cite puisque vous deviez intervenir dans ""les plus brefs d√©lais"".\nNous 'avons as la m√™me notion de bref d√©lais.\nQue faut-il faire pour avoir internet ?",1.35,True,probleme,frustration,resiliation,-5,False,,,0,success,yes
2025-11-19 14:02:38,78,1814232564715966700,MichaelPincebo1,"@Xavier75 @free @Freebox \nBonjour Monsieur Niel\nVoila plus 20 ans que j'encense Free depuis Freesurf !\nJ'ai tous mes forfaits chez vous ...\nDepuis le 15 fev maintenant, je n'ai plu la fibre pro dans ma soci√©t√© qui, de fait, est en p√©ril ... Que faire ??? \nQuelle d√©ception ...",1.85,True,probleme,frustration,panne,-3,False,probleme,frustration,0,success,yes
2025-11-19 14:02:40,79,1814238911964512258,TabaryErwin,@free Normal pour vous qu'un des vos employ√©s a souscrit a ma place sans mon accord un abonnement Free mobile et que l'on me demande d'envoyer un courrier de r√©tractation pour un abonnement que JE n'ai pas pris ?,1.55,True,probleme,frustration,abonnement,-7,False,probleme,frustration,0,success/error,yes
2025-11-19 14:02:41,80,1814253298322477539,cavasesavoir2,@Free_1337 @Freebox Dites @Freebox vous n‚Äôavez pas honte de couper toute connexion et d‚Äôafficher un message d‚Äôerreur sur la freebox ¬´¬†contactez un technicien pour installer la fibre¬†¬ª c‚Äôest quoi ce forcing en pleines vacances d‚Äô√©t√©? Vous pouvez pas attendre la rentr√©e? On n‚Äôest pas encore en 2025!,1.28,True,probleme,colere,panne,4,False,probleme,colere,0,success,yes
2025-11-19 14:02:43,81,1814266726114107603,reisen67,"@free 3 semaines sans internet et rien ne bouge malgr√© plusieurs appels, des rdv techniciens annul√©s... Chez free quand √ßa fonctionne c'est bien mais quand il y a un probl√®me technique il n'y a plus personne, ni m√™me au t√©l√©phone. Chez free j'ai tout compris : FUIR !",1.58,True,probleme,frustration,panne,-8,False,probleme,frustration,0,success,yes
2025-11-19 14:02:44,82,1814276844889289006,Francedz213,"Impossible de contacter l‚Äôassistance free si c‚Äôest pas avec le numero de mobile de la personne concern√©e ! Super, on peut pas aider les retrait√©s !! @Freebox",1.17,False,probleme,frustration,resiliation,-8,False,probleme,frustration,-8,success,yes
2025-11-19 14:02:45,83,1814296005510144260,enzonaute,"@microlinux_eu @free l‚Äôassistance Free devient compl√®tement aberrante, l‚Äôinvention de Proxy n‚Äôarrange pas moins la situation",1.3,False,probleme,colere,facturation,-10,False,probleme,colere,0,success,yes
2025-11-19 14:02:47,84,1814299035529834820,MissWlad,@InfoAbonneCanal abonn√©e myCANAL via @free je n‚Äôai pas r√©cup√©r√© la diffusion sur mon t√©l√©viseur‚Ä¶.√ßa fonctionne sur tablette‚Ä¶est-ce normal?,1.54,True,probleme,frustration,abonnement,0,False,probleme,frustration,0,success/error,yes
2025-11-19 14:02:48,85,1814306411746054410,raynald62,@Free_1337 @free @nPerf Sa donne que j‚Äôai besoin de couverture au travail  help me !! saint Pol sur Ternoise 62130 https://t.co/VQnBAjvekI,1.51,False,probleme,frustration,resiliation,-8,False,probleme,frustration,0,success/error,yes
2025-11-19 14:02:50,86,1814314333343465484,mrkilkenny91,@ultrakfr @OQEEbyFree @Freebox Toujours de chaine 103 et 104 HDR sur @OQEEbyFree sur ma tv samsung.,1.33,False,probleme,colere,panne,0,True,probleme,colere,0,success,yes
2025-11-19 14:02:51,87,1814327641547145515,ADianeadam,@free  c'est normal de balader vos clients victimes d'un √©crasement de ligne pendant un mois sans aucune information sur un d√©lai d'intervention ? Pourtant la loi vous donne 8 jours pour r√©tablir la connexion. Ou alors free je n'ai pas tout compris,1.53,True,probleme,frustration,resiliation,-5,False,probleme,frustration,0,success,yes
2025-11-19 14:02:53,88,1814334384704565600,CalieeeFourchon,@Freebox je n‚Äôen peux plus 1 mois que la box s‚Äôarr√™te en pleine journ√©e pour ne red√©marrer qu‚Äôa 23h impossible de vous joindre ! C‚Äôest termin√© je r√©silie. √Ä ce niveau c‚Äôest de l‚Äôincomp√©tence.,1.47,True,probleme,frustration,resiliation,-5,False,probleme,frustration,0,success/error,yes
2025-11-19 14:02:54,89,1814336508846899237,JosDuklein,"@Free_1337 @free il faudrait deja commencer par assurer un reseau correct ! pas de reseau mobile depuis une semaine dans le Nord des Landes, free annonce une maintenance des relais, et maintenant comme √ßa dure, free accuse Enedis pour une histoire de ""compteur electrique"" de qui se moque t'on ??",1.34,True,probleme,frustration,abonnement,-5,False,probleme,frustration,-5,success/error,yes
2025-11-19 14:02:55,90,1814336903992541578,DebyZknd,C‚Äôest quoi le probl√®me avec @free ? La wifi de chez moi n‚Äôarr√™te pas de sauter. Je paye 48‚Ç¨ par mois pour ne pas avoir de connexion. Foutaise !,1.34,True,probleme,frustration,abonnement,-5,False,,,0,success,yes
2025-11-19 14:02:56,91,1814344612590358589,lachainelequipe,C‚Äôest parti pour la finale du Mondial de rugby U20 üí™üá´üá∑\n\nALLEZ LES BLEUETS ! \n\n#lequipeRUGBY https://t.co/t6LVY8kpuM,1.28,False,probleme,satisfaction,abonnement,-1,False,probleme,satisfaction,0,success,yes
2025-11-19 14:02:58,92,1814348139559612633,AnaisSeref,"Commence vraiment √† m'agacer @Freebox. 3 jours pas de Tv pas d'internet, cens√© √™tre r√©tabli √† 16h, toujours rien. C'est pas la 1ere fois que √ßa merde",1.54,False,probleme,frustration,abonnement,-5,False,probleme,frustration,0,success,yes
2025-11-19 14:02:59,93,1814348364185538617,Fab_LCL,La diffusion de @BFMTV interrompue depuis plus de dix‚Äô minutes sur @free #freebox @Freebox,1.32,False,probleme,frustration,panne,-5,True,probleme,frustration,0,success,yes
2025-11-19 14:03:01,94,1814348631937311037,Lecteur_Du_Soir,"@Freebox @free \n\nCoucou ! \nJe n'arrive pas √† me faire comprendre par votre conseiller, \n\nJe souhaite avoir &gt; Freebox Ultra. \nJe poss√®de d√©j√† un abo netflix + prime : \n\nJe n'aurai plus qu'√† payer la diff√©rence entre le tarif de votre forfait Netflix et le prix de ma formule ?",1.23,True,probleme,frustration,resiliation,-5,False,probleme,frustration,0,success,yes
2025-11-19 14:03:02,95,1814348648827834768,frigotier59,"@Freebox bonjour, pas mal de probl√®me de r√©ception cha√Ænes, √™tes-vous confront√© √† divers probl√®mes ? Merci pour votre retour",1.24,True,probleme,colere,panne,0,False,probleme,colere,0,success/error,yes
2025-11-19 14:03:03,96,1814350121863180290,Michaela31700,"@Fab_LCL @BFMTV @free @Freebox J'ai FR2/FR3 et quelques autres o√π j'ai un √©cran noir. BFM √ßa s'arr√™te, revient, s'arr√™te.....",1.39,True,probleme,frustration,resiliation,-5,False,probleme,frustration,0,success/error,yes
2025-11-19 14:03:05,97,1814351024800338122,Azyakitte,@DebyZknd @free Je pensais √™tre le seul √ßa me clc la sah,1.32,False,probleme,colere,abonnement,-8,False,probleme,colere,0,success,yes
2025-11-19 14:03:06,98,1814351117712818309,kaelinou,"@lachainelequipe @RugbyWorldCupFR @rugbyworldcup @WorldRugby @worldrugbymedia Ho @free c'est quoi cette merde l√† j'ai beau red√©marrer la box,\n l√† chaine l'√©quipe 21 fait que de couper\nSur mycanal √ßa coupe pas...",1.33,True,probleme,colere,panne,-10,False,probleme,colere,0,success,yes
2025-11-19 14:03:07,99,1814351196942970891,Heddicmi,"@free je tente de regarder le rugby sur @lequipe l√†... C'est un enfer √ßa saute toute les 2 secondes. C'est partout chez vous ou juste moi ? En attendant je coupe, c'est infernal üò© https://t.co/43p4wjDDVd",1.21,True,retour_client,frustration,abonnement,-5,False,retour_client,frustration,0,success,yes
2025-11-19 14:03:09,100,1814351242035884167,GrienerA,Probl√®me de flux Tv sur Levallois 92300 alors que le d√©bit internet est ok \nVous avez des soucis identifi√©s @Free_1337 @free ?,1.43,False,probleme,frustration,panne,-8,False,probleme,frustration,0,success,yes
2025-11-19 14:03:10,101,1814351414161732036,BadjudaTella,"@frigotier59 @Freebox Bonjour, pareil de notre c√¥t√©",1.2,False,probleme,neutral,abonnement,0,False,,,0,success,yes
2025-11-19 14:03:11,102,1814352298845319666,blavier86,"@free J' en ai marre. J'essaie de regarder la finale de la coupe du monde de rugby U20 sur la chaine l‚Äô√âquipe. Mission impossible : Des coupures toutes les 3 minutes. Heureusement je peux regarder la m√™me chaine gr√¢ce √† la TNT. Mais pourquoi payer 40,00‚Ç¨ si Free ne sert √† rien.",1.64,True,probleme,frustration,facturation,-5,False,probleme,frustration,0,success/error,yes
2025-11-19 14:03:13,103,1814353719720325462,Pisse__Partout,"@Fab_LCL @BFMTV @free @Freebox Y a pas mal de chaines qui beuguent,j'esp√®re que #Freebox va r√©gler ca assez vitüò°",1.38,False,probleme,frustration,abonnement,0,False,,,0,success,yes
2025-11-19 14:03:14,104,1814353725663916160,fredupdate,@frigotier59 @Freebox Idem ! Est √† cause de la panne mondiale ?,1.38,False,probleme,colere,panne,-7,False,probleme,colere,0,success,yes
2025-11-19 14:03:15,105,1814354329827991701,Fab_LCL,@Pisse__Partout @BFMTV @free @Freebox Idem les trois quarts des cha√Ænes √©cran noir ou image fig√©e.,1.36,True,probleme,frustration,abonnement,-8,False,,,0,success,yes
2025-11-19 14:03:17,106,1814354533444673583,KB79748687,"@frigotier59 @Freebox Oui moi aussi  ma freebox reste avec l'√©cran fig√©. Pour internet pas de probl√®me, mais la t√©l√© une catastropheüò§ j'ai √©teint et rallum√© la freebox tv mais impossible de regarder les cha√Ænes TV üò≠",1.57,True,probleme,frustration,resiliation,-5,False,probleme,frustration,0,success/error,yes
2025-11-19 14:03:18,107,1814356278237368711,Ytzaka_,"@free honteux la connection chez free, impossible de suivre l'√©quipe de France en finale de la coupe du monde de rugby ...",1.1,True,probleme,frustration,panne,2,False,,,,success/error,yes
2025-11-19 14:03:20,108,1814356388652429578,zoneadsl_panne,‚ö†#PANNE  FREEBOX EN COURS‚ö†\n üì°20 freenautes ont signal√© des pannes #Internet dont 15 sur le r√©seau #fibre de #Free depuis 15h19\nüåçVille concern√©e : La Roque-d'Anth√©ron (13640)\n‚¨áÔ∏è‚¨áÔ∏è‚¨áÔ∏è\nhttps://t.co/5syXsuGnbR,1.5,True,probleme,colere,panne,-3,False,probleme,colere,0,success,yes
2025-11-19 14:03:21,109,1814358944497664395,ODILEderaies,@frigotier59 @Freebox idem mais l√† √ßa fait 30sec que √ßa d√©conne plus.\n@free @Freebox vous connaissez les RS pour informer vos clients de vos probl√®mes ?,1.26,False,probleme,frustration,resiliation,-8,False,probleme,frustration,0,success,yes
2025-11-19 14:03:22,110,1814358979511763365,VigneDe,Le d√©sordre continue avec une image saccad√©e sur les t√©l√©viseurs des clients de ‚Å¶‚Å¶@Freebox‚Å© .Peut-√™tre qu'il serait temps de se demander si ce n'est pas le service qui est d√©faillant.‚Å¶@free‚Å© ü§´ü§® https://t.co/XgyOVA1cDx,1.15,True,probleme,frustration,abonnement,6,False,probleme,frustration,0,success,yes
2025-11-19 14:03:23,111,1814360105342660968,daika_comores,@ODILEderaies @frigotier59 @Freebox @free Jamais vu une box aussi chiante que celle de chez free.,1.29,False,retour_client,colere,abonnement,0,False,retour_client,colere,0,success,yes
2025-11-19 14:03:25,112,1814360763919655031,Boyer71Fanzine,Bonsoir @free y a-t-il  un probl√®me avec le serveur ma box ne capte rien merci,1.48,False,probleme,frustration,panne,-7,False,probleme,frustration,0,success,yes
2025-11-19 14:03:26,113,1814360943918211385,_Franck_Paris,l'App @OQEEbyFree est down sur box Andro√Ød et TV Samsung @Freebox @free @UniversFreebox #free #freebox,1.51,False,probleme,colere,panne,0,False,probleme,colere,0,success/error,yes
2025-11-19 14:03:27,114,1814361238320595218,nach_mum,@Freebox y‚Äôa t‚Äôil un pb sur le r√©seau ? Aucune communication !!! Aucun message !!!! √áa serait bien d‚Äôinformer les clients !!!!,1.14,True,probleme,frustration,panne,-5,False,probleme,frustration,0,success,yes
2025-11-19 14:03:29,115,1814361330196926929,mathieukeny75,@frigotier59 @Freebox Oui pareil erreur dash ?,1.2,False,probleme,colere,abonnement,0,False,probleme,colere,0,success,yes
2025-11-19 14:03:30,116,1814362021707583763,uytgdblljgf,@free Et sinon le BUG DE OQEE ON EN PARLE ?????,1.21,False,probleme,frustration,abonnement,0,False,probleme,frustration,0,success/error,yes
2025-11-19 14:03:31,117,1814362029194617328,Team_nJOY,@Free_1337 panne TV ici dans 78.\nDowndetector remonte une explosion des probl√®mes?une communication @free @Free_1337 ?,1.27,False,probleme,frustration,panne,0,False,probleme,frustration,0,success,yes
2025-11-19 14:03:32,118,1814362356207759446,m_marchionni,@zoneadsl_panne Encore et encore @Freebox,1.24,True,probleme,colere,panne,0,False,,,0,success,yes
2025-11-19 14:03:34,119,1814363066600947901,Dhebby1973,@_Franck_Paris @OQEEbyFree @Freebox @free @UniversFreebox Je confirme! Panne sur Free TV OQEE!,1.32,False,probleme,frustration,panne,-5,False,probleme,frustration,0,success,yes
2025-11-19 14:03:35,120,1814363117532422254,PaperBloute,@Freebox oh piti√© √ßa fait 4h que j'ai pas de co faites quelque chose,1.41,False,probleme,frustration,resiliation,-6,False,probleme,frustration,0,success/error,yes
2025-11-19 14:03:37,121,1814363924684517557,Alinolord,Vous aussi vous avez un souci avec votre #freebox ? Erreur 20 d‚Äôauthentification ? Et sa bug quand il arrive √† s‚Äôidentifier difficilement ? @Freebox #free,1.43,False,probleme,frustration,abonnement,-5,False,probleme,frustration,0,success/error,yes
2025-11-19 14:03:38,122,1814364083820318967,Tubbydev,"@Freebox Vos liens ne donnent pas la possibilit√© de s'adresser √† vous quand on n'est pas abonn√© Free. Vous en revanche, vous percez les fa√ßades de tout le monde, sans en avoir l'autorisation. Rdv au Tribunal ? @Xavier75",1.55,True,probleme,colere,abonnement,0,False,,,0,success,yes
2025-11-19 14:03:39,123,1814364127261012234,Megiland,@Alinolord @Freebox Ouais la m√™me,1.25,False,probleme,colere,abonnement,0,False,probleme,colere,0,success,yes
2025-11-19 14:03:41,124,1814364499391996414,Nan0uu77,@Alinolord @Freebox Pareil,1.27,False,probleme,frustration,abonnement,-5,True,probleme,frustration,0,success,yes
2025-11-19 14:03:42,125,1814364822408180214,Clank_gk,"oqee @free @OQEEbyFree est HS ce soir, il demande a se connecter depuis une ligne free, et https://t.co/IagkCyJ4iF fait un internal serveur error quand on veut s'authent.",1.46,True,probleme,frustration,abonnement,-8,False,probleme,frustration,0,success,yes
2025-11-19 14:03:44,126,1814364867035324900,Stephanux40,"@Freebox probl√®me panne authentification de la Freebox bloqu√©e sur √©tape 6, d√©partement des Landes depuis 20mn environ",1.39,True,probleme,frustration,panne,-5,True,probleme,frustration,-5,success,yes
2025-11-19 14:03:45,127,1814364915911557280,StefDark,@Alinolord @Freebox Bloqu√© √† l'√©tape 6.,1.34,False,probleme,frustration,abonnement,0,False,probleme,frustration,0,success,yes
2025-11-19 14:03:46,128,1814365145579094224,michaeltartar,"@Alinolord @Freebox Pareil, bloqu√© √† l'√©tape 6üò™",1.47,False,probleme,frustration,resiliation,-8,False,probleme,frustration,0,success/error,yes
2025-11-19 14:03:48,129,1814365177191534630,KingKamui16,@_Franck_Paris @OQEEbyFree @Freebox @free @UniversFreebox Oui panne sur les Freebox,1.31,True,retour_client,colere,panne,-10,False,null,null,0,success/error,yes
2025-11-19 14:03:49,130,1814365329507643661,Mozzy_R,@Alinolord @Freebox Bloqu√© √©tape 6‚Ä¶,1.05,True,probleme,colere,abonnement,0,False,,,0,success,yes
2025-11-19 14:03:50,131,1814365369529970744,ROLOONS,@Alinolord @Freebox La m√™me et le site https://t.co/LLhOumXEX4 semble KO aussi #free,1.14,False,probleme,frustration,abonnement,-10,False,probleme,frustration,-10,success,yes
2025-11-19 14:03:51,132,1814365629883003146,GaelBresson,"@Freebox , un souci actuellement ? Je suis bloqu√© √©tape 6 de la Freebox... https://t.co/T9u9CNPUX7",1.4,True,probleme,frustration,abonnement,-8,False,probleme,frustration,0,success/error,yes
2025-11-19 14:03:53,133,1814365932426539130,sebravoisier,Vous aussi vous √™tes bloqu√©s √† l'√©tape 6 avec votre freebox? #panne #free #freebox @Freebox @UniversFreebox,1.35,True,probleme,frustration,panne,-5,True,probleme,frustration,0,success,yes
2025-11-19 14:03:54,134,1814365941045604823,EricGhaffar,"Panne internet plus de @LCI , franceinfotv, @RMCStory @rmcdecouverte chez @Freebox",1.4,False,probleme,colere,panne,-10,False,probleme,colere,0,success,yes
2025-11-19 14:03:55,135,1814365976307060924,mickeul16,"Aujourd'hui c'est le ""#ITOutageDay"", et @free a d√©cid√© d'y participer √† sa mani√®re, freebox TV out, ainsi que l'authentification pour @OQEEbyFree . C'est crowdStrike qui s'occupe de la s√©curit√© chez vous @Xavier75 ? üòÜ",1.48,False,probleme,colere,panne,0,False,probleme,colere,0,success,yes
2025-11-19 14:03:57,136,1814366025778864287,FuckedUpMinded_,@Freebox bonjour pas de connexion ce soir sur ma box üò≠,1.37,False,probleme,frustration,panne,0,False,probleme,frustration,0,success,yes
2025-11-19 14:03:58,137,1814366035518054552,VictorPivertOff,"@Freebox Bonjour, nous sommes plusieurs bloqu√©s √† l'√©tape 6. Un probl√®me g√©n√©ral ?",1.32,False,probleme,colere,panne,-3,False,probleme,colere,0,success/error,yes
2025-11-19 14:03:59,138,1814366183824486679,HellN_rocks,@sebravoisier @Freebox @UniversFreebox Oui ! Depuis 3 quarts d‚Äôheure üò´ @Free_1337,1.33,False,probleme,colere,resiliation,-10,False,,,0,success,yes
2025-11-19 14:04:01,139,1814366189977583632,EricKoeberle,"@sebravoisier @Freebox @UniversFreebox Oui pareil, apparemment il y a une panne",1.34,True,probleme,frustration,panne,-5,False,probleme,frustration,0,success/error,yes
2025-11-19 14:04:02,140,1814366299344253196,atchworks,"@VictorPivertOff @Freebox Idem dans le 27, bloqu√© √† l'√©tape 6. :(",1.29,True,probleme,frustration,abonnement,-3,False,probleme,frustration,-1,success,yes
2025-11-19 14:04:03,141,1814366346995740735,SuperAlexKidd,@Alinolord @Freebox ERREUR 20-FF: L'authentification a √©chou√© @Freebox ?,1.33,False,probleme,frustration,resiliation,-8,False,probleme,frustration,0,success,yes
2025-11-19 14:04:05,142,1814366412007256112,JayDeforges,@free Bonjour Free ! Incidents en ce moment en fibre sur la France ? Dans l‚ÄôHerault ? B√©ziers ? Merci de votre r√©ponse,1.52,False,retour_client,neutre,abonnement,-5,False,retour_client,neutre,0,success,yes
2025-11-19 14:04:06,143,1814366416214048928,herv964,@free plus d‚Äôinternet depuis 45 mn ??,1.37,False,probleme,colere,facturation,0,False,probleme,colere,0,success,yes
2025-11-19 14:04:08,144,1814366706392863042,LePatis799,https://t.co/rqv4msMU5R Et sa continue maintenant internet @Freebox #Freebox  qui fonctionne plus merde ü§¨üò§,1.3,False,probleme,frustration,abonnement,-3,False,probleme,frustration,0,success,yes
2025-11-19 14:04:09,145,1814366710188614140,WillmenDk,@Free_1337 @free @freemobile ont en parlent du bug Oqee impossible de regarder la tv !!!!!!,1.29,True,probleme,frustration,abonnement,-6,False,probleme,frustration,0,success,yes
2025-11-19 14:04:10,146,1814366794900975825,didi69220159758,"@Freebox PROBL√®me de t√©l√©, impossible d'acc√©der aux cha√Ænes : erreur dash 1302. personne ne r√©pond au 3244 alors qu'il est cens√© √™tre ouvert jusqu'√† 21h,",1.54,True,probleme,frustration,panne,-8,False,probleme,frustration,-8,success/error,yes
2025-11-19 14:04:12,147,1814366857656193376,liyes_had,@Clank_gk @free @OQEEbyFree Erreur egalement de mon cot√©.\nEt l'appli ne marche pas non plus.,1.36,False,probleme,frustration,abonnement,-9,False,probleme,frustration,0,success/error,yes
2025-11-19 14:04:13,148,1814367176247390372,paslamoindrid,@EricGhaffar @LCI @RMCStory @RMCDecouverte @Freebox √áa bloque √† etape 6 chez moi,1.43,False,probleme,colere,abonnement,-3,False,probleme,colere,0,success/error,yes
2025-11-19 14:04:15,149,1814367183868203302,pik971,@Alinolord @Freebox Quand tu appel sa sonne pas et √ßa nous dit que c‚Äôest un num√©ro non attribu√©.,1.32,True,retour_client,frustration,panne,-5,False,retour_client,frustration,0,success,yes
2025-11-19 14:04:16,150,1814367510915064235,Petite_Tulipe_,@Alinolord @Freebox Idem. Site inaccessible et 3244 injoignable.,1.21,True,probleme,frustration,abonnement,-10,False,probleme,frustration,0,success/error,yes
2025-11-19 14:04:17,151,1814367532830302641,Vlegallic,@GaelBresson @Freebox Pareil,1.26,False,retour_client,colere,abonnement,-3,False,retour_client,colere,0,success,yes
2025-11-19 14:04:18,152,1814367584264835443,Talucinha,@sebravoisier @Freebox @UniversFreebox Oui pareil ici !,1.25,True,probleme,satisfaction,abonnement,0,False,probleme,satisfaction,0,success,yes
2025-11-19 14:04:20,153,1814367603932143955,naya5413,"@Free_1337 @Freebox @free @UniversFreebox @freeboxdemerde \n#freeboxultra #PireBoxDuMonde \nD√©j√† un d√©bit pourrit, la tv qui freeze comme de l‚Äôadsl et la carr√©ment rien qui marche ce soir et pour pr√©venir de l‚Äôincident √ßa ne marche pas non plus ‚Ä¶\nDifficile de ne pas vs d√©tester la https://t.co/1dBYozlggH",1.45,True,probleme,frustration,abonnement,-10,True,probleme,frustration,0,success,yes
2025-11-19 14:04:21,154,1814367656012632179,3arrbi216,@Freebox c‚Äôest vraiment le pire service qui existe,1.22,False,probleme,colere,panne,6,False,probleme,colere,0,success,yes
2025-11-19 14:04:22,155,1814367744072228929,tadupokpok,@free \n\nOn est vendredi soir. Je n'ai plus aucune cha√Æne de t√©l√©vision depuis une demi-heure. Aucun acc√®s non plus √† l'assistance en ligne (page d'erreur) ou par t√©l√©phone 'ne r√©pond pas).\n\nEtonnamment √ßa commence √† me gonfler.,1.3,True,probleme,frustration,panne,4,False,,,0,success,yes
2025-11-19 14:04:24,156,1814367793833283754,cedrictw,"@Freebox hello, gros soucis ce soir, impossible de joindre le 3244 et freebox pop bloqu√©e en √©tape 6. Que se passe t il ?? Crowstrike vous joue aussi des tours ? Commune de Brignais",1.51,True,probleme,colere,abonnement,-5,False,probleme,colere,0,success/error,yes
2025-11-19 14:04:25,157,1814367848115868154,LaurentLecomte8,@sebravoisier @Freebox @UniversFreebox Moi en Normandie freebox bloqu√© √©tape 6,1.43,True,probleme,colere,resiliation,-4,False,probleme,colere,0,success/error,yes
2025-11-19 14:04:26,158,1814367970631496064,YohanCIp,@GaelBresson @Freebox Pareil ile de France !,1.22,False,retour_client,colere,panne,0,False,retour_client,colere,0,success,yes
2025-11-19 14:04:28,159,1814368063162110167,iF_batidoux_34,@sebravoisier @Freebox @UniversFreebox M√™me chose dans h√©rault.,1.27,False,probleme,frustration,abonnement,0,False,probleme,frustration,0,success/error,yes
2025-11-19 14:04:29,160,1814368095236137277,DeQuiSeMokeTon,@sebravoisier @Freebox @UniversFreebox Pareil dans le 94. Mais √ßa fait un moment que je rencontr√© des probl√®mes avec Free malgr√© un changement de box r√©cent...,1.35,True,probleme,colere,abonnement,-3,True,probleme,colere,-3,success,yes
2025-11-19 14:04:30,161,1814368111984029869,whatizdiss,Il y‚Äôa une panne chez free ou quoi? Ma box est bloqu√© √† l‚Äô√©tape 6 @Freebox @free,1.37,True,probleme,frustration,panne,-5,False,probleme,frustration,0,success,yes
2025-11-19 14:04:32,162,1814368352434884835,Brig__21,@sebravoisier @Freebox @UniversFreebox Pareil (Paris),1.26,False,probleme,colere,resiliation,0,False,probleme,colere,0,success/error,yes
2025-11-19 14:04:33,163,1814368381832692008,Fredaprilia,Help @Freebox je suis bloqu√© a l √©tape 6 et votre service client est injoignable. Une id√©e svp ?,1.5,False,probleme,colere,panne,-5,False,probleme,colere,0,success,yes
2025-11-19 14:04:34,164,1814368425491222821,liloun67,@free Help Free plis d'internet et impossible de vous joindre par t√©l√©phone ‚òéÔ∏è,1.28,False,probleme,frustration,resiliation,2,False,,,0,success,yes
2025-11-19 14:04:36,165,1814368437122035989,__lucinda___,@Freebox @free  ENCORE EN PANNE SUR BESAN√áON ‚Ä¶ MAIS C‚ÄôEST QUOI CE BORDEL DEPUIS 2MOIS ????\n#freebox #Free @Xavier75,1.32,False,probleme,frustration,panne,-5,False,probleme,frustration,0,success,yes
2025-11-19 14:04:37,166,1814368516692123878,c_csensei,"@OLPLAY_Officiel Impossible de regarder le match sur ma box free, quelqu un a des infos ? ü•π\n\n@Freebox",1.05,False,probleme,frustration,abonnement,-2,False,probleme,frustration,0,success,yes
2025-11-19 14:04:38,167,1814368519506550808,Acedu34,@sebravoisier @Freebox @UniversFreebox Idem dans le 34,1.42,False,probleme,frustration,resiliation,-5,False,probleme,frustration,0,success/error,yes
2025-11-19 14:04:40,168,1814368538431283401,Tracksweb,Le fait que la t√©l√© par @free soit HS m'emmerde un peu plus...,1.34,False,probleme,frustration,abonnement,0,False,,frustration,0,success/error,yes
2025-11-19 14:04:41,169,1814368576603586914,Jack_Arnaud94,@sebravoisier @Freebox @UniversFreebox 62 aussi,1.27,False,probleme,frustration,abonnement,0,False,probleme,frustration,0,success/error,yes
2025-11-19 14:04:42,170,1814368731113324770,So0609930698002,#panne freebox probleme connexion  @free,1.17,True,probleme,fustration,panne,-6,False,probleme,fustration,0,success/error,yes
2025-11-19 14:04:43,171,1814368736024907983,fleurdesiles272,@Acedu34 @sebravoisier @Freebox @UniversFreebox Pareil dans le 95 :(,1.35,False,probleme,frustration,abonnement,-3,False,probleme,frustration,0,success/error,yes
2025-11-19 14:04:45,172,1814368748637192638,Il_YOUS,@sebravoisier @Freebox @UniversFreebox En panne aussi,1.27,False,probleme,frustration,panne,0,False,probleme,frustration,0,success,yes
2025-11-19 14:04:46,173,1814368765855052207,LovFrenchFries,"@Freebox Freebox, impossible de vous joindre par t√©l√©phone au 3244 pourtant c‚Äôest ce num√©ro que vous communiquez. Depuis ce matin des gros probl√®mes de r√©seaux, impossible de regarder la TV la √ßa commence √† me chauffer en plus on ne peux pas vous joindre ‚Ä¶",1.39,True,probleme,colere,resiliation,-6,False,probleme,colere,0,success,yes
2025-11-19 14:04:47,174,1814368857399677065,lesud65,@Freebox bonsoir voil√† encore une fois  free ne fonctionne pas reste bloqu√© sur le 6 üò°üò°üò°,1.36,True,probleme,frustration,panne,-5,False,probleme,frustration,0,success,yes
2025-11-19 14:04:49,175,1814368890853396531,yoshispower,"@sebravoisier @Freebox @UniversFreebox Depuis une 30 aine de minutes , internet march√© sans probl√®me mais freeze tv sur certaine cha√Æne,  je red√©marre ma box puis pouff √©tape 6 et sa mouline ( haute garonne)",1.18,True,probleme,frustration,abonnement,-5,False,probleme,frustration,-1,success/error,yes
2025-11-19 14:04:50,176,1814368963826164172,BarakaSohaan,@sebravoisier @Freebox @UniversFreebox Idem 93,1.26,False,probleme,frustration,abonnement,-8,False,probleme,frustration,0,success,yes
2025-11-19 14:04:51,177,1814369108772684226,TendanceRap1,"@free serait touch√© par la #panne num√©ro injoignable, services qui ne fonctionnent plus. Je ne pense pas que se soit un hasard. #pannemondiale",1.47,False,probleme,colere,panne,0,False,probleme,colere,0,success,yes
2025-11-19 14:04:53,178,1814369111767691372,DenisAynie,"@Freebox bonsoir,\nBloqu√© en √©tape 6 depuis 20 minutes.\nImpossible non plus d'acc√©der √† support free.\nQue se passe-t-il ?",1.36,True,probleme,frustration,panne,-3,False,,,-3,success/error,yes
2025-11-19 14:04:54,179,1814369119266865295,JonP26,@GaelBresson @Freebox Idem paca impossible de tel au 3244,1.25,False,probleme,frustration,resiliation,-5,False,,,0,success,yes
2025-11-19 14:04:55,180,1814369327912759540,AlexiaMarmont,@free bonjour. J'ai demand√© un d√©dommagement pour les nombreux dysfonctionnements que je subis sur votre r√©seau et depuis je suis devenue personne non grata et silence radio de votre part. Vous trouvez √ßa normal et correct ?,1.47,True,probleme,frustration,facturation,-10,False,probleme,frustration,0,success/error,yes
2025-11-19 14:04:57,181,1814369345046491472,Skyphal21,@Freebox plus de t√©l√© et plus internet.\nJe suis bloqu√© √©tape 6 de la Freebox √† Marseille...,1.24,True,probleme,frustration,resiliation,-5,False,probleme,frustration,0,success,yes
2025-11-19 14:04:58,182,1814371729541644775,5atuurn_,"@nach_mum @Freebox moi c‚Äôest juste les cha√Ænes, le wifi fonctionne encore chez moi mais c‚Äôest vrai que c‚Äôest relou a mort l√† üíÄüíÄ",1.36,False,probleme,frustration,abonnement,-2,False,probleme,frustration,-2,success/error,yes
2025-11-19 14:04:59,183,1814375336324329737,mattspears83,"Hello @free ! On n‚Äôa plus de wifi ‚Ä¶ malgr√© un reboot, la box reste bloqu√©e en √©tape 6 \nQue faire ? \nOn n‚Äôarrive pas √† se connecter √† notre compte client non plus (sur le net ou sur l‚Äôappli !)\n@Freebox #Free #FreeBox",1.37,True,probleme,colere,panne,-10,False,probleme,colere,0,success,yes
2025-11-19 14:05:01,184,1814382286923567349,vv35sissitwitte,@sebravoisier @Freebox @UniversFreebox Idem dans le 17,1.26,False,probleme,colere,abonnement,-6,False,probleme,colere,-6,success,yes
2025-11-19 14:05:03,185,1814382699894739345,zoneadsl_panne,"‚ö†#PANNE  FREEBOX EN COURS‚ö†\n üì°20 freenautes ont signal√© des pannes #Internet dont 19 sur le r√©seau #fibre de #Free depuis 18h15\nüåçVilles concern√©es : Meaux (77100), Nanteuil-l√®s-Meaux (77100), Cr√©gy-l√®s-Meaux (77124), Villenoy (77124)\n‚¨áÔ∏è‚¨áÔ∏è‚¨áÔ∏è\nhttps://t.co/5syXsuGnbR",1.92,True,probleme,frustration,panne,-3,False,probleme,frustration,0,success,yes
2025-11-19 14:05:04,186,1814390436729106557,OLPLAY_Officiel,@Arverne69 @c_csensei @Freebox Panne chez Free malheureusement‚Ä¶,1.31,False,probleme,frustration,panne,-3,False,probleme,frustration,0,success/error,yes
2025-11-19 14:05:05,187,1814399365433201068,Jejeninho91,@Freebox  moi quand l'heure de ma Freebox est revenu et quand la tv ne marche pas du tout je sais pas quoi vous jouez √† part prendre l'argent vous faites quoi #Freebox √† part de mettre touche temps en panne les autres bande de voleurs https://t.co/O56OAiS8Wx,1.36,True,probleme,frustration,panne,0,False,,,0,success/error,yes
2025-11-19 14:05:06,188,1814781596269973640,RZN_FN,.@free vous √™tes le pire op√©rateur c‚Äôest terrifiant,1.25,False,probleme,colere,abonnement,-9,False,,terrifiant,0,success,yes
2025-11-19 14:05:08,189,1814786397020299656,RZN_FN,@alialablg @free nan mais la box stp j'ai jamais vu ca,1.29,False,probleme,frustration,abonnement,-5,False,probleme,frustration,-5,success,yes
2025-11-19 14:05:09,190,1814935159948398606,d2risto,rebonjour @free \nnouveau message du serveur SMTP via Thunderbird https://t.co/kNRCp3f6kL,1.36,False,probleme,neutre,panne,0,False,probleme,neutre,0,success,yes
2025-11-19 14:05:10,191,1814943214706544813,SuperCyprien,"M√™me chose ici pour mon √©pouse alors que moi √ßa fonctionne.\n@Freebox , @Xavier75  : ce n‚Äôest pas la premi√®re fois que √ßa arrive, √ßa serait bien que ces bo√Ætes fonctionnent normalement tr√®s rapidement.",1.23,True,probleme,colere,abonnement,-5,False,probleme,colere,0,success,yes
2025-11-19 14:05:12,192,1814963647577243680,mattspears83,@free @Freebox Et ce qui est tr√®s tr√®s √©nervant üò° c‚Äôest que @free ils font les morts ! \nGenre l‚Äôassistance est cens√©e t‚Äôappeler en 45mn ‚Ä¶ √ßa fait 1h30 et aucun appel ou message ! \nService calamiteux ! \n@Freebox : votre SAV est nul ! Sachez le ! \n@60millions \n#Free #FreeBox,1.62,True,probleme,frustration,facturation,-8,False,probleme,frustration,-8,success/error,yes
2025-11-19 14:05:13,193,1814979921292251155,BrandonPer34331,@Freebox bug souscription,1.21,False,retour_client,frustration,abonnement,-4,False,retour_client,frustration,0,success,yes
2025-11-19 14:05:14,194,1815009023134958046,guerin_morel,"@Free_1337 @Freebox @freeboxdelta @UniversalPlusFR pourquoi j'ai sa, quand je regarde un programme sur Universal+ ? https://t.co/92tvgMnkhu",1.14,False,retour_client,frustration,abonnement,-5,False,retour_client,frustration,0,success/error,yes
2025-11-19 14:05:16,195,1815085175992098887,PhMarechal,"@Freebox bonjour, pb des flux vid√©o sur Massy 91 fibre ! Coupure r√©guli√®res.\nPendant les matchs c est insupportable ! Attention pas de √ßa pendant les jo.\nPas de mail non plus.",1.51,True,probleme,frustration,resiliation,-5,False,probleme,frustration,0,success,yes
2025-11-19 14:05:17,196,1815097457451160013,laleloulelo,On pr√©f√®re la eligue1 avec @MGG__TV,1.35,False,retour_client,colere,abonnement,4,False,retour_client,colere,0,success,yes
2025-11-19 14:05:18,197,1815098119929135332,laleloulelo,Enfin quand √ßa marche hein @free ?? https://t.co/XTkryXS7Ma,1.12,False,probleme,satisfaction,facturation,-5,True,,,0,success,yes
2025-11-19 14:05:20,198,1815138793457848826,Leperefuetar,"eh @free !!! Votre fameux wifi 7 et vos r√©p√©teurs sont nuls de chez Nils. La box ultra plus 3 r√©p√©teurs sont bien en dessous des trois Google que j'avais. Vous vendez du r√™ve , mais c'est surtout du bas de gamme made in pourrave.",1.42,True,probleme,frustration,resiliation,-8,False,probleme,frustration,0,success/error,yes
2025-11-19 14:05:21,199,1815140060301258862,sksksksksidii,OUAIS C‚ÄôEST BON J‚ÄôAI COMPRIS EN VRAI LES COUPURES DE CONNEXION TT LES 2/3MOIS OU J‚ÄôAI PLUS DE CO PDNT 3/4jours ACTIVE VITE @Freebox,1.44,True,probleme,satisfaction,abonnement,-8,False,probleme,satisfaction,0,success,yes
2025-11-19 14:05:23,200,1815290266938433696,jackus35,Bonjour @Freebox @Free_1337 plus de d acc√®s a ma bo√Æte mail depuis 72h via zimbra ou imap un d√©lai de r√©solution ? https://t.co/S1qJfR5cJX,1.42,True,probleme,frustration,resiliation,-10,False,probleme,frustration,0,success,yes
2025-11-19 14:05:24,201,1815291507978403947,BPioupiou,"@Freebox Bonjour petite question, vendredi on me dit que vous avez re√ßu une demande d‚Äô√©crasement de ligne. Que nous n‚Äôavons jamais demander, et que pour annuler cela je dois vous contacter. Je le fais on me dis que l‚Äô√©crasement ne sera pas fais, et que j‚Äôaurais pas de coupure.",1.42,True,retour_client,frustration,resiliation,0,True,retour_client,frustration,0,success,yes
2025-11-19 14:05:26,202,1815335841469780007,tutosfaciles48,Bonjour @Free_1337 des nouvelles concernant l'√©tape 3D rencontr√©e sur certains freebox dans la r√©gion Nantaises ? un ETA de pr√©visionnel ? Merci (cc @Freebox ),1.5,False,probleme,frustration,panne,-5,False,probleme,frustration,0,success,yes
2025-11-19 14:05:27,203,1815341040897011942,UniversFreebox,"Les mails Free touch√©s par un probl√®me, de nombreux abonn√©s n‚Äôy ont plus acc√®s https://t.co/IlTODTUyQl https://t.co/4o8UNgUIsO",1.32,True,probleme,frustration,abonnement,-5,False,probleme,frustration,-5,success/error,yes
2025-11-19 14:05:28,204,1815344412030837164,XILOTHOR_,@free serait-il possible de ce joindre par message priv√©,1.33,False,probleme,colere,abonnement,0,False,probleme,colere,0,success,yes
2025-11-19 14:05:29,205,1815352004689990054,scarabaie,Tintin il a autant de meufs ???????? https://t.co/2U7r4gFzlQ,1.13,False,probleme,colere,abonnement,-5,True,probleme,null,0,success,yes
2025-11-19 14:05:31,206,1815355541381591248,Freebox,"@_Kirikou_ La messagerie priv√©e X n‚Äôest plus disponible, et nous en sommes d√©sol√©s. \n\nRetrouvez-moi d√®s √† pr√©sent sur Messenger \n‚ñ∂Ô∏è https://t.co/foZUyQkGH3 ou via https://t.co/3Rzd3llaL8\n\nMerci",1.53,True,probleme,neutre,resiliation,0,False,probleme,neutre,0,success,yes
2025-11-19 14:05:32,207,1815355701813760128,Freebox,"@fannnoche La messagerie priv√©e X n‚Äôest plus disponible, et nous en sommes d√©sol√©s. \n\nRetrouvez-moi d√®s √† pr√©sent sur Messenger \n‚ñ∂Ô∏è https://t.co/foZUyQkGH3 ou via https://t.co/3Rzd3llaL8\n\nMerci",1.53,True,probleme,neutre,resiliation,0,False,probleme,neutre,0,success/error,yes
2025-11-19 14:05:34,208,1815355808768553394,Freebox,"@tud0z La messagerie priv√©e X n‚Äôest plus disponible, et nous en sommes d√©sol√©s. \n\nRetrouvez-moi d√®s √† pr√©sent sur Messenger \n‚ñ∂Ô∏è https://t.co/foZUyQkGH3 ou via https://t.co/3Rzd3llaL8\n\nMerci",1.52,False,probleme,neutre,resiliation,0,False,probleme,neutre,0,success/error,yes
2025-11-19 14:05:35,209,1815355980672106943,Freebox,"@mglp__ La messagerie priv√©e X n‚Äôest plus disponible, et nous en sommes d√©sol√©s. \n\nRetrouvez-moi d√®s √† pr√©sent sur Messenger \n‚ñ∂Ô∏è https://t.co/foZUyQkGH3 ou via https://t.co/3Rzd3llaL8\n\nMerci",1.53,True,probleme,frustration,resiliation,0,False,probleme,frustration,0,success,yes
2025-11-19 14:05:37,210,1815356305512505425,Freebox,"@Lorkydey La messagerie priv√©e X n‚Äôest plus disponible, et nous en sommes d√©sol√©s. \n\nRetrouvez-moi d√®s √† pr√©sent sur Messenger \n‚ñ∂Ô∏è https://t.co/foZUyQkGH3 ou via https://t.co/3Rzd3llaL8\n\nMerci",1.45,False,probleme,colere,resiliation,0,False,,,0,success/error,yes
2025-11-19 14:05:38,211,1815356862159528076,Freebox,"@Marc_Vador La messagerie priv√©e X n‚Äôest plus disponible, et nous en sommes d√©sol√©s. \n\nRetrouvez-moi d√®s √† pr√©sent sur Messenger \n‚ñ∂Ô∏è https://t.co/foZUyQkGH3 ou via https://t.co/3Rzd3llaL8\n\nMerci",1.47,False,probleme,frustration,resiliation,0,True,probleme,frustration,0,success,yes
2025-11-19 14:05:40,212,1815357051461079491,Freebox,"@gurbain69 La messagerie priv√©e X n‚Äôest plus disponible, et nous en sommes d√©sol√©s. \n\nRetrouvez-moi d√®s √† pr√©sent sur Messenger \n‚ñ∂Ô∏è https://t.co/foZUyQkGH3 ou via https://t.co/3Rzd3llaL8\n\nMerci",1.48,False,retour_client,neutre,resiliation,0,True,,,0,success,yes
2025-11-19 14:05:41,213,1815357254679306434,Freebox,"@Motsen78 La messagerie priv√©e X n‚Äôest plus disponible, et nous en sommes d√©sol√©s. \n\nRetrouvez-moi d√®s √† pr√©sent sur Messenger \n‚ñ∂Ô∏è https://t.co/foZUyQkGH3 ou via https://t.co/3Rzd3llaL8\n\nMerci",1.49,True,probleme,neutre,resiliation,0,True,probleme,neutre,0,success,yes
2025-11-19 14:05:43,214,1815357724210737426,Freebox,"@ddrdv La messagerie priv√©e X n‚Äôest plus disponible, et nous en sommes d√©sol√©s. \n\nRetrouvez-moi d√®s √† pr√©sent sur Messenger \n‚ñ∂Ô∏è https://t.co/foZUyQkGH3 ou via https://t.co/3Rzd3llaL8\n\nMerci",1.54,True,probleme,colere,resiliation,0,False,probleme,colere,0,success/error,yes
2025-11-19 14:05:44,215,1815357848152395948,Freebox,"@soulakhey La messagerie priv√©e X n‚Äôest plus disponible, et nous en sommes d√©sol√©s. \n\nRetrouvez-moi d√®s √† pr√©sent sur Messenger \n‚ñ∂Ô∏è https://t.co/foZUyQkGH3 ou via https://t.co/3Rzd3llaL8\n\nMerci",1.53,False,probleme,neutre,resiliation,0,True,resiliation,neutre,0,success,yes
2025-11-19 14:05:46,216,1815358105829454219,Freebox,"@coWiqx La messagerie priv√©e X n‚Äôest plus disponible, et nous en sommes d√©sol√©s. \n\nRetrouvez-moi d√®s √† pr√©sent sur Messenger \n‚ñ∂Ô∏è https://t.co/foZUyQkGH3 ou via https://t.co/3Rzd3llaL8\n\nMerci",1.6,False,retour_client,neutre,resiliation,-10,True,retour_client,neutre,0,success,yes
2025-11-19 14:05:48,217,1815369159535993284,chofrode,"@Xavier75  @free \nDes ann√©es chez Free 44‚Ç¨/mois \nImpossible de profiter des chaines TV, 4KM le ligne ADSL. \nDes mois de contact avec le support pour une avanc√©e fibre, toujours en attente, que faire ? La 5G ? Pas stable et 5mo's, https://t.co/dFZf0Z7Gdz",1.56,True,probleme,frustration,facturation,-9,False,probleme,frustration,0,success/error,yes
2025-11-19 14:05:49,218,1815385518223364467,TokRa14,Jour de reprise en t√©l√©travail et merci @free !\n@Xavier75 faudra me faire une lettre pour mon patron j‚Äôai des brouettes de mails √† traiter !!! üòÖ https://t.co/pp6L4IkgDH,1.42,True,retour_client,frustration,abonnement,-5,False,retour_client,frustration,0,success,yes
2025-11-19 14:05:50,219,1815391031518548246,Im_Eezy,Bient√¥t 20 jours que j'ai pas internet chez moi. @free vous allez me rembourser mon mois,1.41,False,retour_client,frustration,abonnement,-3,False,retour_client,frustration,0,success/error,yes
2025-11-19 14:05:52,220,1815405458875990485,free,"Fav si t‚Äôas d√©j√† crois√© cette t√©l√©commande dans ta vie, c‚Äôest pour une √©tude personnelle. https://t.co/iyTJ30zIUC",1.24,False,probleme,neutre,abonnement,0,False,probleme,neutre,0,success,yes
2025-11-19 14:05:53,221,1815430797685649658,LArideEtVide,@free La mienne les bouton marchent plus depuis des ann√©es.,1.51,False,probleme,frustration,abonnement,0,False,probleme,frustration,0,success,yes
2025-11-19 14:05:54,222,1815434963325788185,pyrams715,@free C'est combien pour la Freebox r√©volution ?,1.23,False,probleme,colere,abonnement,0,False,probleme,colere,0,success/error,yes
2025-11-19 14:05:56,223,1815445537841348908,LaurenceLolo9,@free Ben voui je la croise quotidiennement sauf qu'elle ne fonctionne plus et que j'ai pas envie de payer pour son remplacement pk ce mat√©riel ne m'appartient pas .du coup je fais avec une appli merdique emplie de pub .depuis quand on paie pour remplacer un mat√©riel d√©faillant ?,1.32,True,probleme,colere,resiliation,0,False,probleme,colere,0,success,yes
2025-11-19 14:05:57,224,1815452064014889079,GwadyZohan,"@free Moi, et pluuuuus jamais, c'est de la merde ca bug tout le temps",1.29,False,probleme,frustration,abonnement,-9,False,probleme,frustration,-9,success/error,yes
2025-11-19 14:05:58,225,1815453627907035516,HeRz____,"@free Mdrrr mon p√®re l'a encore, aidez le svp.",1.5,False,probleme,colere,resiliation,-6,False,probleme,colere,-6,success,yes
2025-11-19 14:06:00,226,1815470209333117278,Nico88919191,"@free Mouais avant de faire de la r√©cup arr√™ter de vs comporter comme des voleurs. D√®s que je rentre de vacances √ßa sera les feux de l'enfer pour vous, j'ai d√©j√† pr√©venu les trisos de vos plateformes t√©l√©phoniques mais visiblement votre service client n'a rien √† branler de ses clients",1.35,True,probleme,colere,abonnement,0,False,,,0,success/error,yes
2025-11-19 14:06:01,227,1815472452387958971,yanisck_,@StifflerJeremih @Freebox @coWiqx Moi aussi mdrrrr jsuis bloqu√© √† l‚Äô√©tape 2,1.37,True,probleme,frustration,resiliation,-5,False,probleme,frustration,0,success,yes
2025-11-19 14:06:02,228,1815472947911405671,aymeric_ren,@jackus35 @Freebox @Free_1337 via imap/smtp de free impossible de se co sur zimbra aussi,1.14,False,probleme,frustration,resiliation,-9,False,probleme,frustration,0,success/error,yes
2025-11-19 14:06:04,229,1815481986607350157,TelmarBzh,@free Oui et vraiment de u d'avoir fait confiance a c√¥t√© marque car franchement emmerdes sur emmerdes pour la box maison.. ü´£,1.31,False,probleme,colere,abonnement,-6,False,,,0,success,yes
2025-11-19 14:06:05,230,1815491225429979280,StifflerJeremih,@yanisck_ @Freebox @coWiqx J‚Äôimagine pas de r√©ponse de leur part √©galement ? J‚Äôai envoy√© un message √† 10h via √† l‚Äôapplication et je me suis rendu en boutique pour avoir un conseiller sans succ√®s‚Ä¶ je pense qu‚Äôil est grand temps d‚Äôaller voir ailleurs üò≠,1.48,True,probleme,frustration,resiliation,-3,False,probleme,frustration,0,success/error,yes
2025-11-19 14:06:06,231,1815496572446335219,perso_dep,@free On en parle quand de la panne vendredi dernier ?,1.33,False,probleme,colere,panne,0,False,probleme,colere,0,success,yes
2025-11-19 14:06:08,232,1815498393424191895,musiqueapapa,"@Freebox bonsoir, j'ai toujours des gros probl√®mes avec les services t√©l√© sur ma Freebox. La panne se poursuit depuis vendredi soir... Savez-vous quand cela sera r√©solu ? Merci d'avance",1.46,True,probleme,colere,panne,-5,False,probleme,colere,0,success/error,yes
2025-11-19 14:06:09,233,1815511298165379535,Greg314565,@free √áa serait possible de donner des informations aux abonn√©s concernant la panne qui dure depuis vendredi sur les bo√Ætes mail zimbra? J'attends des mails importants et l√† √ßa commence √† √™tre long!,1.32,True,probleme,colere,panne,3,False,probleme,colere,0,success,yes
2025-11-19 14:06:11,234,1815522787097723137,YouxiLevrai,@free vous devriez augmenter vos prix peut √™tre que sa r√©duira les 200 pannes qu'on a chez vous chaque mois.. üòÆ‚Äçüí®,1.44,False,probleme,colere,abonnement,-6,False,probleme,colere,0,success/error,yes
2025-11-19 14:06:12,235,1815578602194239663,johnny_guitare,@free Oui. J'ai eu la Freebox r√©volution pendant plus de dix ans.,1.27,False,probleme,positive,resiliation,-5,False,probleme,positive,-5,success,yes
2025-11-19 14:06:13,236,1815602581122740359,raskodub,@Freebox c‚Äôest quoi sa pk ma free elle fais que de se red√©marrer la il est 6h vous jouez a quoi la,1.42,False,probleme,frustration,abonnement,-5,False,probleme,frustration,0,success,yes
2025-11-19 14:06:15,237,1815605376836047258,belloc_deborah,@free toujours pas de bo√Æte mail depuis vendredi soir et toujours pas de communiqu√© sur le probl√®me !!!!,1.36,True,probleme,frustration,panne,-5,False,probleme,frustration,0,success,yes
2025-11-19 14:06:16,238,1815631010496664047,ImHeartBtz,"@TokRa14 @free @Xavier75 Heureusement, ton forfait free te permet de travailler avec ta 5/4G\nAhhhh non, c'est vrai, quand les Freebox ne fonctionnent pas, le r√©seau non plus.",1.43,True,probleme,frustration,abonnement,0,False,probleme,frustration,0,success,yes
2025-11-19 14:06:18,239,1815651440276226289,free,Je sui a laeropor bisouuuu je manvol https://t.co/tU182tsZRJ,1.33,False,probleme,frustration,abonnement,2,False,,frustration,0,success/error,yes
2025-11-19 14:06:19,240,1815658181621637467,2d441980,"@TokRa14 @free @Xavier75 J‚Äôai eu √ßa pendant 3 mois, un camion a heurt√© l‚Äôarmoire fibre de mon quartier. Clairement √† part √™tre patient free ne propose rien, le pire c‚Äôest que j‚Äôai √©t√© oblig√© de prendre un abonnement 4g √† mes frais pour survivre.",1.41,True,probleme,frustration,abonnement,-5,False,probleme,frustration,0,success,yes
2025-11-19 14:06:20,241,1815661610238640218,BS7473,@free Merci @free Oui c'est bien √ßa mais √ßa serait pas mal de r√©gler le pb de connexion au mails via Zimbra ou imap.... impossible d'avoir ces mails depuis 5 jours maintenant üò≠üò≠,1.52,True,probleme,frustration,panne,-2,False,probleme,frustration,0,success/error,yes
2025-11-19 14:06:22,242,1815667417332252776,ludovic14860,@Freebox @Free_1337 Freebox Delta Fibre bloqu√©e en √©tape 3 depuis hier. Secteur 14320 SAINT-MARTIN DE FONTENAY. On me signale un incident collectif. Plus d'infos SVP ?,1.48,True,probleme,colere,resiliation,-5,False,probleme,colere,0,success,yes
2025-11-19 14:06:23,243,1815672859026432104,artworkatwork,@free üá´üá∑ ALERTE INFO | Plus d'email depuis 5 jours et 0 communication de @free  qui n'en a rien √† foutre des pigeons que sont les clients.,1.43,False,probleme,frustration,abonnement,-6,False,probleme,frustration,-6,success,yes
2025-11-19 14:06:25,244,1815677323892375713,Chimene59500,@free @scarabaie Votre co la pas ouf,1.27,False,probleme,colere,panne,0,False,probleme,colere,0,success,yes
2025-11-19 14:06:26,245,1815678028036350434,sarkasme76,"Bonjour @Freebox  jamais vous r√©pondez sur WhatsApp ? J ai command√© la nouvelle box ultra je veux me r√©tracter. Je vous l ai signifi√©, vous ne r√©pondez pas, UPS me pr√©vient que le colis est exp√©di√© ,il sera refus√©.",1.44,True,probleme,colere,resiliation,0,False,probleme,colere,0,success,yes
2025-11-19 14:06:27,246,1815684675941150933,GoriTigerlol,@Freebox Bonjour \n\nPossible d'√©changer un dm ?,1.2,False,retour_client,neutral,resiliation,0,False,retour_client,neutral,0,success,yes
2025-11-19 14:06:29,247,1815690366210789745,Thouralith4,@free vous pouvez r√©pondre √† vos putain de clients ?! Je n‚Äôai pas de connexion et impossible de vous joindre depuis 12h bande d‚Äôincomp√©tents,1.4,False,probleme,frustration,abonnement,-6,False,probleme,frustration,0,success/error,yes
2025-11-19 14:06:30,248,1815696335493824916,the_kurosan,"@Freebox Bonjour depuis hier 23h je n‚Äôai plus internet la box s‚Äôallume rouge, et est bloqu√© √† l‚Äô√©tage 2. J‚Äôai essay√© d‚Äôappeler une dizaine de fois on me renvois vers une assistance en ligne qui eux ne me r√©pondent pas depuis 8h",1.48,True,probleme,frustration,resiliation,-5,False,probleme,frustration,0,success,yes
2025-11-19 14:06:31,249,1815698224314753124,Thouralith4,@Freebox J‚Äôattends toujours une reponse depuis quasi 24h sans connexion et personne ne r√©pond. Je vais passer chez orange vous √™tes des incomp√©tents,1.32,False,probleme,frustration,facturation,-5,False,probleme,frustration,-5,success,yes
2025-11-19 14:06:33,250,1815704324275581168,titux_390,"@free Au lieu de faire des blagues, r√©glez vos probl√®mes de panne ! 3 jours sans wifi (en plein tt) + ma tv est bloqu√©e √† l‚Äô√©tape 2, service client de mes couilles avec vos call center dans je ne sais quel pays du monde.",1.39,True,probleme,colere,panne,-5,False,probleme,colere,0,success,yes
2025-11-19 14:06:34,251,1815710705573634199,Freebox,"@Darknig78166491 La messagerie priv√©e X n‚Äôest plus disponible, et nous en sommes d√©sol√©s. \n\nVous n'avez pas encore envoy√© de DM ? retrouvez-moi d√®s √† pr√©sent sur Messenger &gt; https://t.co/foZUyQkGH3 ou via https://t.co/3Rzd3llaL8\n\nMerci\n\nJulie - Free",1.15,False,retour_client,colere,resiliation,0,False,retour_client,colere,0,success,yes
2025-11-19 14:06:36,252,1815711015482318861,Freebox,"@HugoRLT__ La messagerie priv√©e X n‚Äôest plus disponible, et nous en sommes d√©sol√©s. \n\nVous n'avez pas encore envoy√© de DM ? retrouvez-moi d√®s √† pr√©sent sur Messenger &gt; https://t.co/foZUyQkGH3 ou via https://t.co/3Rzd3llaL8\n\nMerci\n\nJulie - Free",1.52,True,probleme,frustration,resiliation,0,False,probleme,frustration,0,success/error,yes
2025-11-19 14:06:37,253,1815713762973827411,Freebox,"@Coach_Euphoria La messagerie priv√©e X n‚Äôest plus disponible, et nous en sommes d√©sol√©s. \n\nVous n'avez pas encore envoy√© de DM ? retrouvez-moi d√®s √† pr√©sent sur Messenger &gt; https://t.co/foZUyQkGH3 ou via https://t.co/3Rzd3llaL8\n\nMerci\n\nJulie - Free",1.17,False,retour_client,colere,resiliation,2,False,retour_client,colere,0,success,yes
2025-11-19 14:06:38,254,1815714025671422348,Freebox,"@tontonyoy La messagerie priv√©e X n‚Äôest plus disponible, et nous en sommes d√©sol√©s. \n\nVous n'avez pas encore envoy√© de DM ? retrouvez-moi d√®s √† pr√©sent sur Messenger &gt; https://t.co/foZUyQkGH3 ou via https://t.co/3Rzd3llaL8\n\nMerci\n\nJulie - Free",1.15,False,retour_client,colere,resiliation,0,False,retour_client,colere,0,success,yes
2025-11-19 14:06:39,255,1815714520779665409,Freebox,"@hnchck La messagerie priv√©e X n‚Äôest plus disponible, et nous en sommes d√©sol√©s. \n\nVous n'avez pas encore envoy√© de DM ? retrouvez-moi d√®s √† pr√©sent sur Messenger &gt; https://t.co/foZUyQkGH3 ou via https://t.co/3Rzd3llaL8\n\nMerci\n\nJulie - Free",1.32,False,probleme,frustration,resiliation,2,False,,,0,success,yes
2025-11-19 14:06:41,256,1815715540712698060,Freebox,"@AnthonyPiresG La messagerie priv√©e X n‚Äôest plus disponible, et nous en sommes d√©sol√©s. \n\nVous n'avez pas encore envoy√© de DM ? retrouvez-moi d√®s √† pr√©sent sur Messenger &gt; https://t.co/foZUyQkGH3 ou via https://t.co/3Rzd3llaL8\n\nMerci\n\nJulie - Free",1.38,True,probleme,colere,resiliation,0,False,,,0,success,yes
2025-11-19 14:06:42,257,1815717055137505325,P5Lawrence,@Freebox votre livreur a d√©pos√© le colis fait une photo et est reparti avec le colis et est parti avant que l'on puisse arriver,1.48,True,probleme,colere,panne,-5,False,probleme,colere,-5,success/error,yes
2025-11-19 14:06:43,258,1815743012703514976,kevin29roy,"@Freebox bonjour, probl√®me sur le freebox player de ma m√®re.\nImpossible d'utiliser le timeshifting et quand elle allume sa t√©l√© elle tombe toujours sur la mosa√Øque...Une id√©e du probl√®me?",1.41,True,probleme,frustration,abonnement,-5,False,probleme,frustration,0,success,yes
2025-11-19 14:06:45,259,1815760969290658108,dam_mtd,"@free bonjour, possibilit√© d‚Äôavoir des infos sur le raccordement impossible √† la fibre chez vous ?",1.56,False,retour_client,frustration,resiliation,-5,False,retour_client,frustration,0,success,yes
2025-11-19 14:06:46,260,1815768881639653749,warzouz38,@free @Free_1337 @Freebox on en parle de vos techniciens qui ne viennent jamais ? En 3 rendez vous 2 plan foireux ? Vous pensez que notre temps ainsi que nos CP sont en illimit√© ? 50‚Ç¨ d‚Äôabonnement pour √ßa vrmt ?,1.44,True,probleme,frustration,abonnement,-5,False,probleme,frustration,0,success,yes
2025-11-19 14:06:48,261,1815783585137258752,the_kurosan,@free vous n‚Äôavez plus d‚Äôassistance pour la box? Comment se fait il que depuis hier soir 23h personne ne me r√©pond concernant ma panne,1.35,False,retour_client,frustration,abonnement,-9,False,retour_client,frustration,0,success/error,yes
2025-11-19 14:06:49,262,1816006388507607216,Free_1337,"Pour cet √©t√©, @Free sort le grand jeu et a dimensionn√© sp√©cialement ses infrastructures mobiles pour l'afflux de touristes en France. \nAvec des √©v√©nements culturels et sportifs d‚Äôexception, nous avons ajout√© des sites mobiles provisoires (pyl√¥nes ou remorques) et renforc√© les 4G/5G √† certains d√©j√† existants, aux endroits o√π nous attendons le plus d‚Äôaffluence. \nDes projets qui ont parfois n√©cessit√© 2 ans de travail pour vous offrir une couverture sp√©cifique d‚Äôenvergure.üöÄ",1.49,True,probleme,colere,panne,-5,True,probleme,colere,-5,success,yes
2025-11-19 14:06:51,263,1816064804177731893,Lou__y,@Free j‚Äôai un gros soucis avec votre service litige qui ne donne plus de nouvelles !! Ou vos prestataires qui fixent des rendez-vous et ne se pr√©sentent pas sans donner d‚Äôexplications. J‚Äôai pris une journ√©e de travail pour rien ! L‚Äôinstallation de la fibre #free #fibre #travail https://t.co/zlYRb45XOJ,1.47,True,probleme,frustration,resiliation,-8,False,probleme,frustration,0,success,yes
2025-11-19 14:06:52,264,1816102705040912735,Ness92izi,@Free_1337 @free Free j‚Äôvous aime bien mais depuis la panne vendredi j‚Äôai que des crash internet. Je ne peux √©galement pas regarder la TV correctement ainsi que jouer en ligne,1.35,False,probleme,frustration,panne,-5,False,probleme,frustration,-5,success,yes
2025-11-19 14:06:54,265,1816368248306245944,Freebox,"@jacquesnote La messagerie priv√©e X n‚Äôest plus disponible, et nous en sommes d√©sol√©s.\n\nVous n'avez pas encore envoy√© de DM ? retrouvez-moi d√®s √† pr√©sent sur Messenger &gt; https://t.co/foZUyQkGH3 ou via https://t.co/3Rzd3llaL8\n\nMerci\nCl√©ment ‚Äì Free",1.48,False,probleme,frustration,resiliation,0,False,probleme,frustration,0,success,yes
2025-11-19 14:06:55,266,1816368497682706542,Freebox,"@Y__htz La messagerie priv√©e X n‚Äôest plus disponible, et nous en sommes d√©sol√©s.\n\nPouvez-vous nous retrouver d√®s √† pr√©sent sur Messenger que je regarde ce qu'il se passe :\nüëâ https://t.co/foZUyQkGH3 \nou via https://t.co/3Rzd3llaL8\n\nMerci \nCl√©ment - Free",1.55,True,probleme,frustration,resiliation,0,False,,neutral,0,success/error,yes
2025-11-19 14:06:57,267,1816369862593175815,Freebox,"@ariii_miss La messagerie priv√©e X n‚Äôest plus disponible, et nous en sommes d√©sol√©s.\nVous n'avez pas encore envoy√© de DM ? retrouvez-moi d√®s √† pr√©sent sur Messenger &gt; https://t.co/foZUyQkGH3 ou via https://t.co/3Rzd3llaL8\nMerci\n\nChristophe - Free",1.55,True,probleme,colere,resiliation,0,False,probleme,colere,0,success,yes
2025-11-19 14:06:58,268,1816370203648790812,Freebox,"@bavrooo La messagerie priv√©e X n‚Äôest plus disponible, et nous en sommes d√©sol√©s.\nVous n'avez pas encore envoy√© de DM ? retrouvez-moi d√®s √† pr√©sent sur Messenger &gt; https://t.co/foZUyQkGH3 ou via https://t.co/3Rzd3llaL8\nMerci\n\nChristophe - Free",1.16,False,probleme,colere,resiliation,0,False,probleme,colere,0,success,yes
2025-11-19 14:06:59,269,1816370319571013826,Freebox,"@GTrotereau La messagerie priv√©e X n‚Äôest plus disponible, et nous en sommes d√©sol√©s.\n\nPouvez-vous nous retrouver d√®s √† pr√©sent sur Messenger que je regarde ce qu'il s'est pass√© :\nüëâ https://t.co/foZUyQkGH3 \nou via https://t.co/3Rzd3llaL8\n\nMerci \nCl√©ment - Free",1.27,True,probleme,frustration,resiliation,0,False,probleme,frustration,0,success,yes
2025-11-19 14:07:01,270,1816371126160732162,Freebox,"@liloun67 La messagerie priv√©e X n‚Äôest plus disponible, et nous en sommes d√©sol√©s. \n\nRetrouvez-moi d√®s √† pr√©sent sur Messenger :\n‚ñ∂Ô∏è https://t.co/foZUyQkGH3\n\nNous sommes √©galement disponibles via d'autres canaux :\n‚ñ∂Ô∏è https://t.co/3Rzd3llaL8\n\nMerci\nMicka√´l ‚Äì Free",1.46,True,probleme,neutre,resiliation,0,False,probleme,neutre,0,success,yes
2025-11-19 14:07:02,271,1816372351765725272,Freebox,"@bngxchnx La messagerie priv√©e X n‚Äôest plus disponible, et nous en sommes d√©sol√©s. \n\nRetrouvez-moi d√®s √† pr√©sent sur Messenger :\n‚ñ∂Ô∏è https://t.co/foZUyQkGH3\n\nNous sommes √©galement disponibles via d'autres canaux :\n‚ñ∂Ô∏è https://t.co/3Rzd3llaL8\n\nMerci\nMicka√´l ‚Äì Free",1.43,True,probleme,neutre,resiliation,-10,False,probleme,neutre,0,success/error,yes
2025-11-19 14:07:04,272,1816372420485300687,Freebox,"@QVolant La messagerie priv√©e X n‚Äôest plus disponible, et nous en sommes d√©sol√©s.\n\nVous n'avez pas encore envoy√© de DM ? retrouvez-moi d√®s √† pr√©sent sur Messenger &gt; https://t.co/foZUyQkGH3 ou via https://t.co/3Rzd3llaL8\n\nMerci\nCl√©ment ‚Äì Free",1.59,False,retour_client,neutre,resiliation,-5,False,retour_client,neutre,0,success,yes
2025-11-19 14:07:05,273,1816372462398984516,Freebox,"@Ben29072013 La messagerie priv√©e X n‚Äôest plus disponible, et nous en sommes d√©sol√©s.\nVous n'avez pas encore envoy√© de DM ? retrouvez-moi d√®s √† pr√©sent sur Messenger &gt; https://t.co/foZUyQkGH3 ou via https://t.co/3Rzd3llaL8\nMerci\n\nChristophe - Free",1.85,False,probleme,colere,resiliation,0,False,probleme,colere,0,success/error,yes
2025-11-19 14:07:07,274,1816372691076513808,Freebox,"@MasimSaid La messagerie priv√©e X n‚Äôest plus disponible, et nous en sommes d√©sol√©s.\n\nVous n'avez pas encore envoy√© de DM ? retrouvez-moi d√®s √† pr√©sent sur Messenger &gt; https://t.co/foZUyQkGH3 ou via https://t.co/3Rzd3llaL8\n\nMerci\nCl√©ment ‚Äì Free",1.27,False,probleme,frustration,resiliation,0,False,probleme,frustration,0,success,yes
2025-11-19 14:07:08,275,1816372968043282485,Freebox,"@Dorban La messagerie priv√©e X n‚Äôest plus disponible, et nous en sommes d√©sol√©s.\n\nPouvez-vous nous retrouver d√®s √† pr√©sent sur Messenger que je regarde ce qu'il se passe :\nüëâ https://t.co/foZUyQkGH3 \nou via https://t.co/3Rzd3llaL8\n\nMerci \nCl√©ment - Free",1.77,True,retour_client,frustration,resiliation,0,False,retour_client,frustration,0,success/error,yes
2025-11-19 14:07:10,276,1816373182879711348,Freebox,"@MichaelPincebo1 La messagerie priv√©e X n‚Äôest plus disponible, et nous en sommes d√©sol√©s.\nVous n'avez pas encore envoy√© de DM ? retrouvez-moi d√®s √† pr√©sent sur Messenger &gt; https://t.co/foZUyQkGH3 ou via https://t.co/3Rzd3llaL8\nMerci\n\nChristophe - Free",1.36,False,probleme,neutre,resiliation,2,False,probleme,neutre,0,success,yes
2025-11-19 14:07:11,277,1816373450518266109,Freebox,"@cavasesavoir2 La messagerie priv√©e X n‚Äôest plus disponible, et nous en sommes d√©sol√©s.\n\nPouvez-vous nous retrouver d√®s √† pr√©sent sur Messenger que je regarde ce qu'il se passe :\nüëâ https://t.co/foZUyQkGH3 \nou via https://t.co/3Rzd3llaL8\n\nMerci \nCl√©ment - Free",1.51,False,probleme,frustration,resiliation,0,False,probleme,frustration,0,success,yes
2025-11-19 14:07:13,278,1816373460018303293,Freebox,"@TabaryErwin La messagerie priv√©e X n‚Äôest plus disponible, et nous en sommes d√©sol√©s.\nVous n'avez pas encore envoy√© de DM ? retrouvez-moi d√®s √† pr√©sent sur Messenger &gt; https://t.co/foZUyQkGH3 ou via https://t.co/3Rzd3llaL8\nMerci\n\nChristophe - Free",1.5,False,probleme,frustration,resiliation,0,False,,,0,success,yes
2025-11-19 14:07:14,279,1816373978530746777,Freebox,"@reisen67 La messagerie priv√©e X n‚Äôest plus disponible, et nous en sommes d√©sol√©s reisen67. \n\nRetrouvez-moi d√®s √† pr√©sent sur Messenger\nüëâ https://t.co/foZUyQkGH3\n\nNous sommes √©galement disponibles via d'autres canaux\nüëâ https://t.co/3Rzd3llaL8\n\nMerci\nMicka√´l ‚Äì Free",1.28,True,probleme,neutre,resiliation,-5,False,,neutre,0,success,yes
2025-11-19 14:07:16,280,1816374747011104900,Freebox,"@Francedz213 La messagerie priv√©e X n‚Äôest plus disponible, et nous en sommes d√©sol√©s.\nVous n'avez pas encore envoy√© de DM ? retrouvez-moi d√®s √† pr√©sent sur Messenger &gt; https://t.co/foZUyQkGH3 ou via https://t.co/3Rzd3llaL8\nMerci\n\nChristophe - Free",1.5,False,probleme,frustration,resiliation,0,False,probleme,frustration,0,success,yes
2025-11-19 14:07:17,281,1816375061835661495,Freebox,"@microlinux_eu La messagerie priv√©e X n‚Äôest plus disponible, et nous en sommes d√©sol√©s microlinux_eu. \n\nRetrouvez-moi d√®s √† pr√©sent sur Messenger\nüëâ https://t.co/foZUyQkGH3\n\nNous sommes √©galement disponibles via d'autres canaux\nüëâ https://t.co/3Rzd3llaL8\n\nMerci\nMicka√´l ‚Äì Free",1.09,False,probleme,colere,resiliation,0,False,,,0,success,yes
2025-11-19 14:07:18,282,1816375418997330421,Freebox,"@enzonaute La messagerie priv√©e X n‚Äôest plus disponible, et nous en sommes d√©sol√©s enzonaute. \n\nRetrouvez-moi d√®s √† pr√©sent sur Messenger\nüëâ https://t.co/foZUyQkGH3\n\nNous sommes √©galement disponibles via d'autres canaux\nüëâ https://t.co/3Rzd3llaL8\n\nMerci\nMicka√´l ‚Äì Free",1.54,True,retour_client,frustration,resiliation,-5,False,retour_client,frustration,0,success,yes
2025-11-19 14:07:19,283,1816375715693989953,Freebox,"@relooking7500 La messagerie priv√©e X n‚Äôest plus disponible, et nous en sommes d√©sol√©s relooking7500. \n\nRetrouvez-moi d√®s √† pr√©sent sur Messenger\nüëâ https://t.co/foZUyQkGH3\n\nNous sommes √©galement disponibles via d'autres canaux\nüëâ https://t.co/3Rzd3llaL8\n\nMerci\nMicka√´l ‚Äì Free",1.15,True,retour_client,frustration,resiliation,-5,False,undefined,undefined,0,success/error,yes
2025-11-19 14:07:21,284,1816375971009745343,Freebox,"@MissWlad La messagerie priv√©e X n‚Äôest plus disponible, et nous en sommes d√©sol√©s MissWlad. \n\nRetrouvez-moi d√®s √† pr√©sent sur Messenger\nüëâ https://t.co/foZUyQkGH3\n\nNous sommes √©galement disponibles via d'autres canaux\nüëâ https://t.co/3Rzd3llaL8\n\nMerci\nMicka√´l ‚Äì Free",1.37,False,probleme,frustration,resiliation,0,False,probleme,frustration,0,success,yes
2025-11-19 14:07:22,285,1816376221569085442,Freebox,"@chatainsim La messagerie priv√©e X n‚Äôest plus disponible, et nous en sommes d√©sol√©s chatainsim. \n\nRetrouvez-moi d√®s √† pr√©sent sur Messenger\nüëâ https://t.co/foZUyQkGH3\n\nNous sommes √©galement disponibles via d'autres canaux\nüëâ https://t.co/3Rzd3llaL8\n\nMerci\nMicka√´l ‚Äì Free",1.48,False,probleme,neutre,resiliation,-5,False,probleme,neutre,0,success,yes
2025-11-19 14:07:23,286,1816376511152165361,Freebox,"@mrkilkenny91 La messagerie priv√©e X n‚Äôest plus disponible, et nous en sommes d√©sol√©s mrkilkenny91. \n\nRetrouvez-moi d√®s √† pr√©sent sur Messenger\nüëâ https://t.co/foZUyQkGH3\n\nNous sommes √©galement disponibles via d'autres canaux\nüëâ https://t.co/3Rzd3llaL8\n\nMerci\nMicka√´l ‚Äì Free",1.15,True,probleme,frustration,resiliation,0,False,probleme,frustration,0,success,yes
2025-11-19 14:07:25,287,1816376708510925203,Freebox,"@raynald62 La messagerie priv√©e X n‚Äôest plus disponible, et nous en sommes d√©sol√©s.\n\nVous n'avez pas encore envoy√© de DM ? retrouvez-moi d√®s √† pr√©sent sur Messenger &gt; https://t.co/foZUyQkGH3 ou via https://t.co/3Rzd3llaL8\n\nMerci\nCl√©ment ‚Äì Free",1.56,False,probleme,frustration,resiliation,-5,True,,,0,success,yes
2025-11-19 14:07:26,288,1816376722964558281,Freebox,"@Pirlouise La messagerie priv√©e X n‚Äôest plus disponible, et nous en sommes d√©sol√©s Pirlouise. \n\nRetrouvez-moi d√®s √† pr√©sent sur Messenger\nüëâ https://t.co/foZUyQkGH3\n\nNous sommes √©galement disponibles via d'autres canaux\nüëâ https://t.co/3Rzd3llaL8\n\nMerci\nMicka√´l ‚Äì Free",1.5,False,probleme,neutre,resiliation,0,False,probleme,neutre,0,success,yes
2025-11-19 14:07:28,289,1816377524500279737,Freebox,"@CalieeeFourchon La messagerie priv√©e X n‚Äôest plus disponible, et nous en sommes d√©sol√©s.\nVous n'avez pas encore envoy√© de DM ? retrouvez-moi d√®s √† pr√©sent sur Messenger &gt; https://t.co/foZUyQkGH3 ou via https://t.co/3Rzd3llaL8\nMerci\n\nChristophe - Free",1.11,False,probleme,frustration,resiliation,0,False,,,0,success,yes
2025-11-19 14:07:29,290,1816377592561217750,Freebox,"@ADianeadam La messagerie priv√©e X n‚Äôest plus disponible, et nous en sommes d√©sol√©s ADianeadam. \n\nRetrouvez-moi d√®s √† pr√©sent sur Messenger\nüëâ https://t.co/foZUyQkGH3\n\nNous sommes √©galement disponibles via d'autres canaux\nüëâ https://t.co/3Rzd3llaL8\n\nMerci\nMicka√´l ‚Äì Free",1.38,True,probleme,frustration,resiliation,-5,False,,,0,success/error,yes
2025-11-19 14:07:30,291,1816377733766680901,Freebox,"@JosDuklein La messagerie priv√©e X n‚Äôest plus disponible, et nous en sommes d√©sol√©s.\nVous n'avez pas encore envoy√© de DM ? retrouvez-moi d√®s √† pr√©sent sur Messenger &gt; https://t.co/foZUyQkGH3 ou via https://t.co/3Rzd3llaL8\nMerci\n\nChristophe - Free",1.16,False,probleme,frustration,resiliation,0,False,probleme,frustration,0,success,yes
2025-11-19 14:07:32,292,1816377915442864297,Freebox,"@DebyZknd La messagerie priv√©e X n‚Äôest plus disponible, et nous en sommes d√©sol√©s DebyZknd. \n\nRetrouvez-moi d√®s √† pr√©sent sur Messenger\nüëâ https://t.co/foZUyQkGH3\n\nNous sommes √©galement disponibles via d'autres canaux\nüëâ https://t.co/3Rzd3llaL8\n\nMerci\nMicka√´l ‚Äì Free",1.4,False,retour_client,colere,resiliation,0,False,retour_client,colere,0,success/error,yes
2025-11-19 14:07:33,293,1816378182666223786,Freebox,"@AnaisSeref La messagerie priv√©e X n‚Äôest plus disponible, et nous en sommes d√©sol√©s.\nVous n'avez pas encore envoy√© de DM ? retrouvez-moi d√®s √† pr√©sent sur Messenger &gt; https://t.co/foZUyQkGH3 ou via https://t.co/3Rzd3llaL8\nMerci\n\nChristophe - Free",1.63,False,probleme,frustration,resiliation,0,False,probleme,frustration,0,success,yes
2025-11-19 14:07:34,294,1816378452620038587,Freebox,"@Lecteur_Du_Soir La messagerie priv√©e X n‚Äôest plus disponible, et nous en sommes d√©sol√©s.\nVous n'avez pas encore envoy√© de DM ? retrouvez-moi d√®s √† pr√©sent sur Messenger &gt; https://t.co/foZUyQkGH3 ou via https://t.co/3Rzd3llaL8\nMerci\n\nChristophe - Free",1.09,False,probleme,neutre,resiliation,0,False,,,0,success,yes
2025-11-19 14:07:36,295,1816378736263979119,Freebox,"@frigotier59 La messagerie priv√©e X n‚Äôest plus disponible, et nous en sommes d√©sol√©s.\nVous n'avez pas encore envoy√© de DM ? retrouvez-moi d√®s √† pr√©sent sur Messenger &gt; https://t.co/foZUyQkGH3 ou via https://t.co/3Rzd3llaL8\nMerci\n\nChristophe - Free",1.54,True,retour_client,frustration,resiliation,0,False,retour_client,frustration,0,success,yes
2025-11-19 14:07:37,296,1816379277786354028,Freebox,"@Michaela31700 La messagerie priv√©e X n‚Äôest plus disponible, et nous en sommes d√©sol√©s Michaela31700. \n\nRetrouvez-moi d√®s √† pr√©sent sur Messenger\nüëâ https://t.co/foZUyQkGH3\n\nNous sommes √©galement disponibles via d'autres canaux\nüëâ https://t.co/3Rzd3llaL8\n\nMerci\nMicka√´l ‚Äì Free",1.34,False,probleme,frustration,resiliation,-5,True,,,0,success,yes
2025-11-19 14:07:39,297,1816379936912937281,Freebox,"@kaelinou La messagerie priv√©e X n‚Äôest plus disponible, et nous en sommes d√©sol√©s.\nVous n'avez pas encore envoy√© de DM ? retrouvez-moi d√®s √† pr√©sent sur Messenger &gt; https://t.co/foZUyQkGH3 ou via https://t.co/3Rzd3llaL8\nMerci\n\nChristophe - Free",1.52,False,probleme,neutre,resiliation,0,False,probleme,neutre,0,success,yes
2025-11-19 14:07:40,298,1816380108636041278,Freebox,"@Azyakitte La messagerie priv√©e X n‚Äôest plus disponible, et nous en sommes d√©sol√©s Azyakitte. \n\nRetrouvez-moi d√®s √† pr√©sent sur Messenger\nüëâ https://t.co/foZUyQkGH3\n\nNous sommes √©galement disponibles via d'autres canaux\nüëâ https://t.co/3Rzd3llaL8\n\nMerci\nMicka√´l ‚Äì Free",1.36,False,probleme,colere,resiliation,0,True,,,0,success,yes
2025-11-19 14:07:41,299,1816380455169441934,Freebox,"@Heddicmi La messagerie priv√©e X n‚Äôest plus disponible, et nous en sommes d√©sol√©s Heddicmi. \n\nRetrouvez-moi d√®s √† pr√©sent sur Messenger\nüëâ https://t.co/foZUyQkGH3\n\nNous sommes √©galement disponibles via d'autres canaux\nüëâ https://t.co/3Rzd3llaL8\n\nMerci\nMicka√´l ‚Äì Free",1.14,True,probleme,colere,resiliation,0,False,probleme,colere,0,success,yes
2025-11-19 14:07:43,300,1816380518658662547,Freebox,"@GrienerA La messagerie priv√©e X n‚Äôest plus disponible, et nous en sommes d√©sol√©s.\nVous n'avez pas encore envoy√© de DM ? retrouvez-moi d√®s √† pr√©sent sur Messenger &gt; https://t.co/foZUyQkGH3 ou via https://t.co/3Rzd3llaL8\nMerci\n\nChristophe - Free",1.54,False,probleme,frustration,resiliation,0,False,probleme,frustration,0,success,yes
