id,created_at,full_text,media,screen_name,name,profile_image_url,user_id,in_reply_to,retweeted_status,quoted_status,media_tags,favorite_count,retweet_count,bookmark_count,quote_count,reply_count,views_count,favorited,retweeted,bookmarked,url,A1_utile
1343458257915031553,2020-12-28 08:26:23 +01:00,"💩 à @free parce-que Débit Très instable, … \n\nFree en France: vitesse, performances, pannes et commentaires des utilisateurs\n👉 https://t.co/Yab5ES2gLh\n\n#fing #internet #Free\n\nvia @fingapp @outagedetect",[],m_annuel,M Annuel,https://abs.twimg.com/sticky/default_profile_images/default_profile_normal.png,1104790986801250304,null,null,null,[],2,1,0,0,1,null,false,false,false,https://twitter.com/m_annuel/status/1343458257915031553,true
1393158240083587075,2021-05-14 12:56:22 +02:00,"RT @free: Retrouvez désormais @ToonamiFR, la chaîne pour tous les fans de super-héros sur le canal 82 ! https://t.co/kuAYafYDiT","[{""type"":""photo"",""url"":""https://t.co/kuAYafYDiT"",""thumbnail"":""https://pbs.twimg.com/media/E1HmNrfX0AMmzOd?format=jpg&name=thumb"",""original"":""https://pbs.twimg.com/media/E1HmNrfX0AMmzOd?format=jpg&name=orig""}]",Freebox,Assistance Freebox,https://pbs.twimg.com/profile_images/671676021989580801/HSE47AwF_normal.jpg,58920430,null,1393125178591248387,null,[],0,16,0,0,0,null,false,false,false,https://twitter.com/Freebox/status/1393158240083587075,false
1403337211475546112,2021-06-11 15:03:58 +02:00,"RT @free: A suivre ce soir, le 1er match de l’UEFA EURO 2020™ en #4K sur votre Freebox avec TF1 4K ! 🇹🇷⚽️🇮🇹 #EURO2020 https://t.co/gMTcYtGd…","[{""type"":""photo"",""url"":""https://t.co/gMTcYtGddj"",""thumbnail"":""https://pbs.twimg.com/media/E3mbxj3XMAACkmN?format=jpg&name=thumb"",""original"":""https://pbs.twimg.com/media/E3mbxj3XMAACkmN?format=jpg&name=orig""}]",Freebox,Assistance Freebox,https://pbs.twimg.com/profile_images/671676021989580801/HSE47AwF_normal.jpg,58920430,null,1403329474561724421,null,[],0,15,0,0,0,null,false,false,false,https://twitter.com/Freebox/status/1403337211475546112,false
1403337257571004417,2021-06-11 15:04:09 +02:00,"RT @free: Disponible sur le canal 101 avec les Freebox compatibles, Pop, Delta Devialet &amp; Mini4k !\nhttps://t.co/rZugCytA1J",[],Freebox,Assistance Freebox,https://pbs.twimg.com/profile_images/671676021989580801/HSE47AwF_normal.jpg,58920430,null,1403332744558661636,null,[],0,5,0,0,0,null,false,false,false,https://twitter.com/Freebox/status/1403337257571004417,false
1418550491034882052,2021-07-23 14:36:07 +02:00,"« Faites vos premiers pas avec nous ! Découvrez votre nouveau site d'assistance Freebox et Mobile, sur https://t.co/yw1XX4zeSx 🚀 https://t.co/YCMv79evbM","[{""type"":""video"",""url"":""https://t.co/YCMv79evbM"",""thumbnail"":""https://pbs.twimg.com/ext_tw_video_thumb/1418549926330605568/pu/img/EaEdrlt0M55ZZjtN.jpg?name=thumb"",""original"":""https://video.twimg.com/ext_tw_video/1418549926330605568/pu/vid/1280x720/RNQUaT6xqL8TZ9Pv.mp4?tag=12""}]",Freebox,Assistance Freebox,https://pbs.twimg.com/profile_images/671676021989580801/HSE47AwF_normal.jpg,58920430,null,null,null,[],31,7,0,3,35,null,false,false,false,https://twitter.com/Freebox/status/1418550491034882052,false
1424635437834981377,2021-08-09 09:35:31 +02:00,RT @free: ⚠️ Des personnes malveillantes se font passer pour le service client de Free dans le but de faire baisser votre facture Freebox :…,[],Freebox,Assistance Freebox,https://pbs.twimg.com/profile_images/671676021989580801/HSE47AwF_normal.jpg,58920430,null,1423641166050889733,null,[],0,109,0,0,0,null,false,false,false,https://twitter.com/Freebox/status/1424635437834981377,true
1436312920124760064,2021-09-10 14:57:40 +02:00,"RT @free: [NOUVEAU]\nAbonnés Freebox Pop, pour bien commencer la rentrée, CANAL+SÉRIES vous est offert pendant 1 an ! 😍😎@canalplus https://t…","[{""type"":""video"",""url"":""https://t.co/1zbl3dDbot"",""thumbnail"":""https://pbs.twimg.com/ext_tw_video_thumb/1436280744603758594/pu/img/8XeMlLAMYQpOe1jC.jpg?name=thumb"",""original"":""https://video.twimg.com/ext_tw_video/1436280744603758594/pu/vid/1280x720/SCbcK8JjWAy8AsHD.mp4?tag=12""}]",Freebox,Assistance Freebox,https://pbs.twimg.com/profile_images/671676021989580801/HSE47AwF_normal.jpg,58920430,null,1436312060179197968,null,[],0,16,0,0,0,null,false,false,false,https://twitter.com/Freebox/status/1436312920124760064,false
1437793652827463680,2021-09-14 17:01:34 +02:00,"RT @BusyspiderFr: Astuce 💡Chez @Free les Emails sont à vie, mais suite à résiliation @Freebox, ils deviennent orphelins. Pour les rendre de…","[{""type"":""photo"",""url"":""https://t.co/hEbg8Q2AhB"",""thumbnail"":""https://pbs.twimg.com/media/E_QMQjtWQA0iEtM?format=png&name=thumb"",""original"":""https://pbs.twimg.com/media/E_QMQjtWQA0iEtM?format=png&name=orig""}]",Freebox,Assistance Freebox,https://pbs.twimg.com/profile_images/671676021989580801/HSE47AwF_normal.jpg,58920430,null,1437787767895908359,null,[],0,9,0,0,0,null,false,false,false,https://twitter.com/Freebox/status/1437793652827463680,false
1438534927734169617,2021-09-16 18:07:08 +02:00,"FreePlugs et boîtiers CPL personnels : gérer votre réseau CPL 🔗\nOn vous explique comment installer, optimiser et/ou repenser votre réseau CPL afin d'améliorer la liaison avec vos équipements.\nhttps://t.co/DhK2hGTAR3 https://t.co/JF6sn3PMyK","[{""type"":""photo"",""url"":""https://t.co/JF6sn3PMyK"",""thumbnail"":""https://pbs.twimg.com/media/E_axfeCXoAA77R6?format=jpg&name=thumb"",""original"":""https://pbs.twimg.com/media/E_axfeCXoAA77R6?format=jpg&name=orig""}]",Freebox,Assistance Freebox,https://pbs.twimg.com/profile_images/671676021989580801/HSE47AwF_normal.jpg,58920430,null,null,null,[],23,7,2,1,13,null,false,false,false,https://twitter.com/Freebox/status/1438534927734169617,false
1446153856849743873,2021-10-07 18:42:02 +02:00,"RT @free: Vous allez commencer le match avec 15 min de retard ?  Pas de soucis avec la fonction Start-over, maintenant disponible sur Freeb…","[{""type"":""photo"",""url"":""https://t.co/7IEyeX1y2r"",""thumbnail"":""https://pbs.twimg.com/media/FBGnT8XVgAI4jxt?format=jpg&name=thumb"",""original"":""https://pbs.twimg.com/media/FBGnT8XVgAI4jxt?format=jpg&name=orig""}]",Freebox,Assistance Freebox,https://pbs.twimg.com/profile_images/671676021989580801/HSE47AwF_normal.jpg,58920430,null,1446145702166421505,null,[],0,17,0,0,0,null,false,false,false,https://twitter.com/Freebox/status/1446153856849743873,false
1450733388390965251,2021-10-20 09:59:27 +02:00,"RT @free: L'application Freebox Home est maintenant disponible en version officielle pour Android &amp; iOS. 📲\nPour la télécharger, c'est ici➡️…","[{""type"":""photo"",""url"":""https://t.co/ZM4JEzfEME"",""thumbnail"":""https://pbs.twimg.com/media/FCC-my-XMAAG6yd?format=jpg&name=thumb"",""original"":""https://pbs.twimg.com/media/FCC-my-XMAAG6yd?format=jpg&name=orig""}]",Freebox,Assistance Freebox,https://pbs.twimg.com/profile_images/671676021989580801/HSE47AwF_normal.jpg,58920430,null,1450456564410761218,null,[],0,15,0,0,0,null,false,false,false,https://twitter.com/Freebox/status/1450733388390965251,false
1466056554667548691,2021-12-01 15:48:15 +01:00,"RT @Free_1337: Une coupure de fibres ""multi opérateurs"" engendre depuis ce matin des perturbations de service sur Saint Pol sur Ternoise (6…",[],Freebox,Assistance Freebox,https://pbs.twimg.com/profile_images/671676021989580801/HSE47AwF_normal.jpg,58920430,null,1465992306906083334,null,[],0,10,0,0,0,null,false,false,false,https://twitter.com/Freebox/status/1466056554667548691,true
1468535102808416264,2021-12-08 11:57:07 +01:00,RT @Free_1337: Nous avons un incident qui engendre une perte de service de certains abonnés sur les villes de Laon et Soissons (02). Une in…,[],Freebox,Assistance Freebox,https://pbs.twimg.com/profile_images/671676021989580801/HSE47AwF_normal.jpg,58920430,null,1468526668260204549,null,[],0,7,0,0,0,null,false,false,false,https://twitter.com/Freebox/status/1468535102808416264,true
1468923610521870340,2021-12-09 13:40:54 +01:00,RT @Free_1337: Une rupture de fibre entraîne des perturbations de service dans la région de Cernay La Ville et Chevreuse (78). Une équipe e…,[],Freebox,Assistance Freebox,https://pbs.twimg.com/profile_images/671676021989580801/HSE47AwF_normal.jpg,58920430,null,1468893966124863493,null,[],0,5,0,0,0,null,false,false,false,https://twitter.com/Freebox/status/1468923610521870340,true
1469294236440969226,2021-12-10 14:13:38 +01:00,RT @Free_1337: Une rupture de fibre entraîne des perturbations de service depuis 14h30 sur une partie de Strasbourg / Koenigshoffen / Crone…,[],Freebox,Assistance Freebox,https://pbs.twimg.com/profile_images/671676021989580801/HSE47AwF_normal.jpg,58920430,null,1468965402906546182,null,[],0,21,0,0,0,null,false,false,false,https://twitter.com/Freebox/status/1469294236440969226,true
1471118475452104707,2021-12-15 15:02:31 +01:00,"Un incident sur nos fibres engendre des perturbations de service sur une partie des départements du Lot (46) et de l'Aveyron (12).\nDes investigations sont en cours, merci de votre patience.",[],Free_1337,Free 1337,https://pbs.twimg.com/profile_images/1436009896311496707/ZZbSW2SK_normal.jpg,1435161160547016704,null,null,null,[],21,2,0,1,17,null,false,false,false,https://twitter.com/Free_1337/status/1471118475452104707,true
1471133735865098240,2021-12-15 16:03:09 +01:00,RT @Free_1337: Un incident sur nos fibres engendre des perturbations de service sur une partie des départements du Lot (46) et de l'Aveyron…,[],Freebox,Assistance Freebox,https://pbs.twimg.com/profile_images/671676021989580801/HSE47AwF_normal.jpg,58920430,null,1471118475452104707,null,[],0,2,0,0,0,null,false,false,false,https://twitter.com/Freebox/status/1471133735865098240,true
1474424640470614017,2021-12-24 18:00:02 +01:00,Les équipes de l’assistance Free vous souhaitent de joyeuses fêtes ! Nos services profitent aussi des fêtes ce 25 décembre et seront de retour le 26 dès 9h00 ! 🎅🏻🎁 https://t.co/dhPpFn9nfG,"[{""type"":""photo"",""url"":""https://t.co/dhPpFn9nfG"",""thumbnail"":""https://pbs.twimg.com/media/FHH5gBzXIAI3SAN?format=jpg&name=thumb"",""original"":""https://pbs.twimg.com/media/FHH5gBzXIAI3SAN?format=jpg&name=orig""}]",Freebox,Assistance Freebox,https://pbs.twimg.com/profile_images/671676021989580801/HSE47AwF_normal.jpg,58920430,null,null,null,[],67,5,0,1,28,null,false,false,false,https://twitter.com/Freebox/status/1474424640470614017,false
1476961348131049473,2021-12-31 18:00:00 +01:00,Les équipes de l’assistance Free vous souhaitent une excellente année 2022 ! Nous ferons aussi la fête le 1er janvier et nous serons de retour le 02 dès 9h00 ! 🎆🎉 https://t.co/Nhz5mq8kuR,"[{""type"":""photo"",""url"":""https://t.co/Nhz5mq8kuR"",""thumbnail"":""https://pbs.twimg.com/media/FHmjiZdXEAAf-5W?format=jpg&name=thumb"",""original"":""https://pbs.twimg.com/media/FHmjiZdXEAAf-5W?format=jpg&name=orig""}]",Freebox,Assistance Freebox,https://pbs.twimg.com/profile_images/671676021989580801/HSE47AwF_normal.jpg,58920430,null,null,null,[],56,8,1,0,37,null,false,false,false,https://twitter.com/Freebox/status/1476961348131049473,false
1480457311051255811,2022-01-10 09:31:43 +01:00,"Liberté, égalité, prix inchangés. https://t.co/n0IdhVaeCq","[{""type"":""video"",""url"":""https://t.co/n0IdhVaeCq"",""thumbnail"":""https://pbs.twimg.com/ext_tw_video_thumb/1480456453789999108/pu/img/NxNy_MER6LThyAJ8.jpg?name=thumb"",""original"":""https://video.twimg.com/ext_tw_video/1480456453789999108/pu/vid/1280x720/xotIvPyw4KxSLHKV.mp4?tag=12""}]",free,Free,https://pbs.twimg.com/profile_images/1775042075882340352/EVf4os4u_normal.jpg,252263949,null,null,null,[],8325,2291,223,1151,764,null,false,false,false,https://twitter.com/free/status/1480457311051255811,false
1480465391424053249,2022-01-10 10:03:49 +01:00,🎂 @free célèbre aujourd'hui 10 ans de révolution mobile ! Notre CP 👉 https://t.co/4wiuxqOx9b https://t.co/c1e4svvexn,"[{""type"":""video"",""url"":""https://t.co/c1e4svvexn"",""thumbnail"":""https://pbs.twimg.com/ext_tw_video_thumb/1480464545055453185/pu/img/hKX4D3miTiISobYD.jpg?name=thumb"",""original"":""https://video.twimg.com/ext_tw_video/1480464545055453185/pu/vid/720x720/uf7G4w_OpFnR5pHE.mp4?tag=12""}]",GroupeIliad,Groupe iliad,https://pbs.twimg.com/profile_images/1273657686203170818/PBEYgUCT_normal.jpg,3157961111,null,null,null,[],80,17,2,0,39,null,false,false,false,https://twitter.com/GroupeIliad/status/1480465391424053249,false
1481569489741352965,2022-01-13 11:11:07 +01:00,"RT @free: Découvrez Imearth, la nouvelle chaîne d’immersion dont vous êtes le héros et projetez vous au cœur du monde qui nous entoure !\nIm…","[{""type"":""photo"",""url"":""https://t.co/AdRgx3cnLf"",""thumbnail"":""https://pbs.twimg.com/media/FI5--7PWQAoHY9c?format=jpg&name=thumb"",""original"":""https://pbs.twimg.com/media/FI5--7PWQAoHY9c?format=jpg&name=orig""}]",Freebox,Assistance Freebox,https://pbs.twimg.com/profile_images/671676021989580801/HSE47AwF_normal.jpg,58920430,null,1481279550113914880,null,[],0,15,0,0,0,null,false,false,false,https://twitter.com/Freebox/status/1481569489741352965,false
1481898887937880067,2022-01-14 09:00:01 +01:00,"Et si votre mobile a rendu l'âme, déposez-le dans une boite de collecte disponible dans nos boutiques Free pour qu'il soit recyclé ♻️.\n\nVous pourrez en profiter pour vous offrir un smartphone reconditionné à prix Free ☺️📱",[],free,Free,https://pbs.twimg.com/profile_images/1775042075882340352/EVf4os4u_normal.jpg,252263949,null,null,1480819267763322880,[],57,15,5,4,171,null,false,false,false,https://twitter.com/free/status/1481898887937880067,false
1485331097844129798,2022-01-23 20:18:24 +01:00,Et vous ça se passe comment la fibre ?\n@Sosh_fr @CovageIDF_OUEST c’est la misère vraiment jpp https://t.co/I41UXroh0F,"[{""type"":""photo"",""url"":""https://t.co/I41UXroh0F"",""thumbnail"":""https://pbs.twimg.com/media/FJz0vDiXIAAmTmd?format=jpg&name=thumb"",""original"":""https://pbs.twimg.com/media/FJz0vDiXIAAmTmd?format=jpg&name=orig""}]",MitchelMcPat,MitchelMcPat,https://pbs.twimg.com/profile_images/1771992854971203584/P-EuAmK3_normal.jpg,906220646492983296,null,null,null,[],0,0,1,0,3,null,false,false,false,https://twitter.com/MitchelMcPat/status/1485331097844129798,true
1485593294944063490,2022-01-24 13:40:17 +01:00,"Un coupure de fibre entraîne une interruption de service pour une partie des abonnés de Cergy (95). Des équipes sont sur place, nous vous tiendrons informés.\nMerci pour votre patience.",[],Free_1337,Free 1337,https://pbs.twimg.com/profile_images/1436009896311496707/ZZbSW2SK_normal.jpg,1435161160547016704,null,null,null,[],49,10,1,1,58,null,false,false,false,https://twitter.com/Free_1337/status/1485593294944063490,true
1485595787144966144,2022-01-24 13:50:11 +01:00,RT @Free_1337: Un coupure de fibre entraîne une interruption de service pour une partie des abonnés de Cergy (95). Des équipes sont sur pla…,[],Freebox,Assistance Freebox,https://pbs.twimg.com/profile_images/671676021989580801/HSE47AwF_normal.jpg,58920430,null,1485593294944063490,null,[],0,10,0,0,0,null,false,false,false,https://twitter.com/Freebox/status/1485595787144966144,true
1495710997356716035,2022-02-21 11:44:25 +01:00,"Bonjour, une rupture de fibre engendre depuis ce matin une interruption de service sur la région de Cernay la Ville (78) ainsi qu'une partie du 78 et du 91.\nUne équipe est sur place, nous vous tiendrons informé de l'évolution de la situation. Merci pour votre patience. https://t.co/2XIRCXyR7j","[{""type"":""photo"",""url"":""https://t.co/2XIRCXyR7j"",""thumbnail"":""https://pbs.twimg.com/media/FMHVABEWQAAy8AI?format=jpg&name=thumb"",""original"":""https://pbs.twimg.com/media/FMHVABEWQAAy8AI?format=jpg&name=orig""},{""type"":""photo"",""url"":""https://t.co/2XIRCXyR7j"",""thumbnail"":""https://pbs.twimg.com/media/FMHVABGXMAkTCLb?format=jpg&name=thumb"",""original"":""https://pbs.twimg.com/media/FMHVABGXMAkTCLb?format=jpg&name=orig""}]",Free_1337,Free 1337,https://pbs.twimg.com/profile_images/1436009896311496707/ZZbSW2SK_normal.jpg,1435161160547016704,null,null,null,[],137,41,6,12,227,null,false,false,false,https://twitter.com/Free_1337/status/1495710997356716035,true
1495762847825272834,2022-02-21 15:10:27 +01:00,"RT @Free_1337: Bonjour, une rupture de fibre engendre depuis ce matin une interruption de service sur la région de Cernay la Ville (78) ain…","[{""type"":""photo"",""url"":""https://t.co/2XIRCXyR7j"",""thumbnail"":""https://pbs.twimg.com/media/FMHVABEWQAAy8AI?format=jpg&name=thumb"",""original"":""https://pbs.twimg.com/media/FMHVABEWQAAy8AI?format=jpg&name=orig""},{""type"":""photo"",""url"":""https://t.co/2XIRCXyR7j"",""thumbnail"":""https://pbs.twimg.com/media/FMHVABGXMAkTCLb?format=jpg&name=thumb"",""original"":""https://pbs.twimg.com/media/FMHVABGXMAkTCLb?format=jpg&name=orig""}]",Freebox,Assistance Freebox,https://pbs.twimg.com/profile_images/671676021989580801/HSE47AwF_normal.jpg,58920430,null,1495710997356716035,null,[],0,41,0,0,0,null,false,false,false,https://twitter.com/Freebox/status/1495762847825272834,true
1594961300651646976,2022-11-22 08:49:41 +01:00,"🚨 En exclusivité, le 11 de ce soir : https://t.co/lIxWnFVZqd","[{""type"":""video"",""url"":""https://t.co/lIxWnFVZqd"",""thumbnail"":""https://pbs.twimg.com/ext_tw_video_thumb/1594961260751241216/pu/img/efqDeRmkQEjZX0A3.jpg?name=thumb"",""original"":""https://video.twimg.com/ext_tw_video/1594961260751241216/pu/vid/848x480/L9GtpCby6PJFxutM.mp4?tag=12""}]",free,Free,https://pbs.twimg.com/profile_images/1775042075882340352/EVf4os4u_normal.jpg,252263949,null,null,null,[],695,143,23,41,86,null,false,false,false,https://twitter.com/free/status/1594961300651646976,
1694675653205860558,2023-08-24 13:38:55 +02:00,"Dans la lutte contre les installations sauvages et les infrastructures dégradées, la bonne formation des techniciens qui déploient la fibre est essentielle. J'étais ce matin aux côtés d'Idriss, formateur au centre de formation technique @free à Argenteuil, dans le Val-d'Oise. https://t.co/nKKA40veRw","[{""type"":""photo"",""url"":""https://t.co/nKKA40veRw"",""thumbnail"":""https://pbs.twimg.com/media/F4SyhckW8AAHxGN?format=jpg&name=thumb"",""original"":""https://pbs.twimg.com/media/F4SyhckW8AAHxGN?format=jpg&name=orig"",""ext_alt_text"":""Jean-Noël Barrot participant à un atelier de formation fibre au centre de formation  technique Free d'Argenteuil, dans le Val d'Oise.""}]",jnbarrot,Jean-Noël Barrot,https://pbs.twimg.com/profile_images/1912992083243159552/c1lP9dZv_normal.jpg,865482011523166209,null,null,null,"[{""user_id"":""3001096995"",""name"":""Arcep"",""screen_name"":""Arcep"",""type"":""user""},{""user_id"":""394743295"",""name"":""Fédération Française des Télécoms"",""screen_name"":""FFTelecoms"",""type"":""user""},{""user_id"":""1511338981"",""name"":""Georges Mothron"",""screen_name"":""GMothron"",""type"":""user""},{""user_id"":""1245515689"",""name"":""Préfet du Val-d'Oise"",""screen_name"":""Prefet95"",""type"":""user""}]",112,35,0,2,14,9127,false,false,false,https://twitter.com/jnbarrot/status/1694675653205860558,false
1695912123824546156,2023-08-27 23:32:13 +02:00,"Hello @free, @Freebox et @orange je crois que nous allons avoir prochainement un gros problème de fibre / PBOE https://t.co/IreryVRyFc","[{""type"":""photo"",""url"":""https://t.co/IreryVRyFc"",""thumbnail"":""https://pbs.twimg.com/media/F4kXFFrWYAAPEyh?format=jpg&name=thumb"",""original"":""https://pbs.twimg.com/media/F4kXFFrWYAAPEyh?format=jpg&name=orig""}]",rgaidot,ɹˈe͡ɪɡɪz,https://pbs.twimg.com/profile_images/1567172732290310148/y1o1gc4C_normal.png,1245801,null,null,null,[],1,0,0,1,2,778,false,false,false,https://twitter.com/rgaidot/status/1695912123824546156,true
1709659172361404776,2023-10-04 21:58:05 +02:00,"Bonsoir @WavemakerFR, je suis chez @free et voici ma bande passante #Freebox ⤵️\nVous allez pouvoir vous moquer d'eux dans votre prochain spot publicitaire @reef_telecom\n\n@Freebox @FreePro @GroupeIliad @Xavier75 🤡 https://t.co/f2CDpSoXJF","[{""type"":""photo"",""url"":""https://t.co/f2CDpSoXJF"",""thumbnail"":""https://pbs.twimg.com/media/F7nt6HxWkAArUfO?format=jpg&name=thumb"",""original"":""https://pbs.twimg.com/media/F7nt6HxWkAArUfO?format=jpg&name=orig""},{""type"":""photo"",""url"":""https://t.co/f2CDpSoXJF"",""thumbnail"":""https://pbs.twimg.com/media/F7nt7BIWQAAh84J?format=jpg&name=thumb"",""original"":""https://pbs.twimg.com/media/F7nt7BIWQAAh84J?format=jpg&name=orig""},{""type"":""photo"",""url"":""https://t.co/f2CDpSoXJF"",""thumbnail"":""https://pbs.twimg.com/media/F7nt8EjXoAADKwR?format=jpg&name=thumb"",""original"":""https://pbs.twimg.com/media/F7nt8EjXoAADKwR?format=jpg&name=orig""},{""type"":""photo"",""url"":""https://t.co/f2CDpSoXJF"",""thumbnail"":""https://pbs.twimg.com/media/F7nt9NPWkAA-3-3?format=jpg&name=thumb"",""original"":""https://pbs.twimg.com/media/F7nt9NPWkAA-3-3?format=jpg&name=orig""}]",EllaVerite,𝔼lla 𝕍érité ⚖️ⓩ,https://pbs.twimg.com/profile_images/1244312592253886465/7My06uJh_normal.jpg,1244306180794712065,null,null,null,[],0,0,0,0,3,223,false,false,false,https://twitter.com/EllaVerite/status/1709659172361404776,true
1711773973401235737,2023-10-10 18:01:33 +02:00,"@free @Xavier75 @NThomas82Free \n\nEn 3 ans l’équipe technique de Free (le « BOC » m’a t’on dit) n’est pas capable d’amener 3 mètres (ou moins!) de câble Fibre, afin que j’ai la fibre (cercle rouge) comme mes voisines dont nos maisons sont mitoyennes (cercles verts). Satisfaisant?! https://t.co/Z1Wn4nhGmu","[{""type"":""photo"",""url"":""https://t.co/Z1Wn4nhGmu"",""thumbnail"":""https://pbs.twimg.com/media/F8FxVIFWwAA7l43?format=jpg&name=thumb"",""original"":""https://pbs.twimg.com/media/F8FxVIFWwAA7l43?format=jpg&name=orig""}]",michfrapp,michfrapp,https://pbs.twimg.com/profile_images/69444679/1201867447_lg_normal.jpg,7458652,null,null,null,"[{""user_id"":""17744075"",""name"":""Xavier Niel"",""screen_name"":""Xavier75"",""type"":""user""},{""user_id"":""252263949"",""name"":""Free"",""screen_name"":""free"",""type"":""user""},{""user_id"":""1622989990685822976"",""name"":""Nicolas Thomas"",""screen_name"":""NThomas82Free"",""type"":""user""},{""user_id"":""296824934"",""name"":""Orange"",""screen_name"":""orange"",""type"":""user""},{""user_id"":""16557431"",""name"":""Bouygues Telecom"",""screen_name"":""bouyguestelecom"",""type"":""user""},{""user_id"":""2215895461"",""name"":""SFR"",""screen_name"":""SFR"",""type"":""user""},{""user_id"":""4910809053"",""name"":""Direction interministérielle du numérique"",""screen_name"":""Numerique_Gouv"",""type"":""user""}]",0,0,0,0,6,222,false,false,false,https://twitter.com/michfrapp/status/1711773973401235737,true
1752257145536463314,2024-01-30 10:07:13 +01:00,Free vous présente : Freebox Ultra https://t.co/npfjDMNJQ2,"[{""type"":""video"",""url"":""https://t.co/npfjDMNJQ2"",""thumbnail"":""https://pbs.twimg.com/amplify_video_thumb/1752257082282094592/img/WmqMTdUvRDnFgOXe.jpg?name=thumb"",""original"":""https://video.twimg.com/amplify_video/1752257082282094592/vid/avc1/1280x720/cB13Pd2hx_E__kod.mp4?tag=14""}]",free,Free,https://pbs.twimg.com/profile_images/1775042075882340352/EVf4os4u_normal.jpg,252263949,null,null,null,[],1796,309,81,58,504,2631591,false,false,false,https://twitter.com/free/status/1752257145536463314,false
1752264227656544511,2024-01-30 10:35:22 +01:00,Freebox Ultra : la box la plus puissante et la plus complète du marché avec les meilleurs contenus inclus.,[],free,Free,https://pbs.twimg.com/profile_images/1775042075882340352/EVf4os4u_normal.jpg,252263949,null,null,null,[],473,58,13,7,93,112187,false,false,false,https://twitter.com/free/status/1752264227656544511,false
1752679131920076838,2024-01-31 14:04:02 +01:00,"Encore des travaux, toujours des travaux.\nLa Freebox Révolution Light au prix mythique de 29,99€/mois c’est dispo 👉 https://t.co/unO0ngya37 https://t.co/gcoEYsMtA1","[{""type"":""photo"",""url"":""https://t.co/gcoEYsMtA1"",""thumbnail"":""https://pbs.twimg.com/media/GFLD_iMXgAAKTpN?format=jpg&name=thumb"",""original"":""https://pbs.twimg.com/media/GFLD_iMXgAAKTpN?format=jpg&name=orig""}]",free,Free,https://pbs.twimg.com/profile_images/1775042075882340352/EVf4os4u_normal.jpg,252263949,null,null,null,[],259,24,10,2,64,60944,false,false,false,https://twitter.com/free/status/1752679131920076838,false
1759266279620247842,2024-02-18 18:19:01 +01:00,".@free a 25 ans et tient toujours ses promesses en terme de pouvoir d’achat et d’innovation. 3 quinquennats sans toucher aux prix de nos forfaits mobiles, voilà une promesse à laquelle les français peuvent croire🇫🇷🙏🔥",[],TomReynaud1789,Thomas REYNAUD,https://pbs.twimg.com/profile_images/1761030117340438528/qJMr_lst_normal.jpg,1182315177347293184,null,null,1759183817397489954,[],185,42,3,0,17,26373,false,false,false,https://twitter.com/TomReynaud1789/status/1759266279620247842,false
1762571081402011959,2024-02-27 21:11:07 +01:00,Ça fonctionne super bien la Fibre Free ce soir... Franchement c'est abusé. Déjà l'autre soir la TV de Free (OQEE) était carrément indisponible ! #FTTH #fibre #Free #Var @Freebox @Free_1337 @free https://t.co/UwrutxJMD9,"[{""type"":""photo"",""url"":""https://t.co/UwrutxJMD9"",""thumbnail"":""https://pbs.twimg.com/media/GHXo1b7WIAAbMbt?format=jpg&name=thumb"",""original"":""https://pbs.twimg.com/media/GHXo1b7WIAAbMbt?format=jpg&name=orig""}]",nephthys,Camille Bouiller,https://pbs.twimg.com/profile_images/1189240389196271616/cR7wwXfh_normal.jpg,11038512,null,null,null,[],1,1,0,0,4,1070,false,false,false,https://twitter.com/nephthys/status/1762571081402011959,true
1795484249178755134,2024-05-28 17:56:18 +02:00,L’élite a connu la télécommande en acier galvanisé.,[],free,Free,https://pbs.twimg.com/profile_images/1775042075882340352/EVf4os4u_normal.jpg,252263949,null,null,1781747249686495668,[],2347,114,33,26,296,248731,false,false,false,https://twitter.com/free/status/1795484249178755134,false
1797569914015780940,2024-06-03 12:03:59 +02:00,"🇫🇷 ALERTE INFO | Le prix des forfaits mobiles Free 2€ et 19,99€ n’augmentera pas d'ici 2027.",[],free,Free,https://pbs.twimg.com/profile_images/1775042075882340352/EVf4os4u_normal.jpg,252263949,null,null,1797546915661517271,[],4164,342,66,39,375,668409,false,false,false,https://twitter.com/free/status/1797569914015780940,false
1800904073501462894,2024-06-12 16:52:44 +02:00,Révolutionner le marché des télécoms.,[],free,Free,https://pbs.twimg.com/profile_images/1775042075882340352/EVf4os4u_normal.jpg,252263949,null,null,1799932924000620567,[],126,4,5,2,30,29497,false,false,false,https://twitter.com/free/status/1800904073501462894,false
1805918937810362408,2024-06-26 13:00:01 +02:00,"Free, c'est près de 650 postes à pourvoir partout en France. \n\nEt toi, t'es libre ? \n\n👉 https://t.co/DwufxIbZus https://t.co/MPr3FWat8S","[{""type"":""video"",""url"":""https://t.co/MPr3FWat8S"",""thumbnail"":""https://pbs.twimg.com/ext_tw_video_thumb/1805622979193184256/pu/img/jv5JZ8f6_esbQOVG.jpg?name=thumb"",""original"":""https://video.twimg.com/ext_tw_video/1805622979193184256/pu/vid/avc1/1280x720/Ri6X4i_iXlOtSYlP.mp4?tag=12""}]",free,Free,https://pbs.twimg.com/profile_images/1775042075882340352/EVf4os4u_normal.jpg,252263949,null,null,null,[],90,24,7,1,30,27567,false,false,false,https://twitter.com/free/status/1805918937810362408,
1811040987365421110,2024-07-10 16:13:13 +02:00,"@Xavier75 et tout le réseau @Freebox sachez qu'une main courante va être déposée, et ira plus loin s'il le faut.\n6 appels en 24h avec 6 numéros différents quand je demande de retirer mon numéro de vos bases de données c'est du harcèlement.\nVos forfaits de merde j'en veux pas.",[],FrenchTea13,Mary 🐇,https://pbs.twimg.com/profile_images/1864648277729157120/2tqAbBII_normal.jpg,1035075736850362368,null,null,null,[],0,0,0,0,1,56,false,false,false,https://twitter.com/FrenchTea13/status/1811040987365421110,true
1811340901450473847,2024-07-11 12:04:58 +02:00,"[Speedtest] Hop ! Le nouveau serveur nPerf 100 Gb/s pour vos tests de débit @free est apparu. Il vous permettra d’effectuer une symétrie de vos speedtest @nPerf pour des conditions optimales. 🚀✨ #Nperf #Free #Speedtest\n\nAlors, ça donne quoi vos tests ? https://t.co/UE2OJDZ1tw","[{""type"":""photo"",""url"":""https://t.co/UE2OJDZ1tw"",""thumbnail"":""https://pbs.twimg.com/media/GSMs8vOXwAAghR1?format=jpg&name=thumb"",""original"":""https://pbs.twimg.com/media/GSMs8vOXwAAghR1?format=jpg&name=orig""}]",Free_1337,Free 1337,https://pbs.twimg.com/profile_images/1436009896311496707/ZZbSW2SK_normal.jpg,1435161160547016704,null,null,null,[],176,20,23,1,17,20282,false,false,false,https://twitter.com/Free_1337/status/1811340901450473847,false
1812874502642049501,2024-07-15 17:38:57 +02:00,"@free @Xavier75 Installer la fibre sans autorisation du propriétaire et en perçant de partout, c'est normal ?",[],Tubbydev,Tubbydev,https://pbs.twimg.com/profile_images/1721669294/tubbydev_normal.gif,449802600,null,null,null,[],0,0,0,0,1,14,false,false,false,https://twitter.com/Tubbydev/status/1812874502642049501,true
1813101958900879811,2024-07-16 08:42:47 +02:00,"On ne se rend pas assez compte que sans Xavier Niel aujourd'hui on paierait tous nos forfaits 144,99€ avec 65 SMS par jour, 2h d'appel par mois et 150Mo de données mobiles",[],GrandOeil_,Rivergaro,https://pbs.twimg.com/profile_images/1925232103223885824/LoE1VhkM_normal.jpg,1480924607758618624,null,null,null,[],22025,2505,426,144,157,1131085,false,false,false,https://twitter.com/GrandOeil_/status/1813101958900879811,true
1813210070596935950,2024-07-16 15:52:23 +02:00,T’as précisé qu’on n’était pas gratuit ?,[],free,Free,https://pbs.twimg.com/profile_images/1775042075882340352/EVf4os4u_normal.jpg,252263949,null,null,1812453653866848502,[],168,11,3,2,16,59034,false,false,false,https://twitter.com/free/status/1813210070596935950,
1813231927559643512,2024-07-16 17:19:14 +02:00,“C’était mieux avant”\n\nAvant : https://t.co/YLMSCOBQAC,"[{""type"":""photo"",""url"":""https://t.co/YLMSCOBQAC"",""thumbnail"":""https://pbs.twimg.com/media/GSnk075XMAAoYy2?format=jpg&name=thumb"",""original"":""https://pbs.twimg.com/media/GSnk075XMAAoYy2?format=jpg&name=orig""}]",Xavier75,Xavier Niel,https://pbs.twimg.com/profile_images/1846919134837141504/SFkaCgbT_normal.jpg,17744075,null,null,null,[],13216,1179,382,151,495,757116,false,false,false,https://twitter.com/Xavier75/status/1813231927559643512,
1813254932449140912,2024-07-16 18:50:39 +02:00,@free 13 minutes 13 sec!!!!!  c'est le temps ENCOREEEEE UNE FOIS PERDU à attendre après free pour résoudre un problème récurent !! INCOMPÉTENCE !!!!  Ils ne répondent jamais!!!!! https://t.co/2FdeQbWjHg,"[{""type"":""photo"",""url"":""https://t.co/2FdeQbWjHg"",""thumbnail"":""https://pbs.twimg.com/media/GSn5wElWcAAXScf?format=jpg&name=thumb"",""original"":""https://pbs.twimg.com/media/GSn5wElWcAAXScf?format=jpg&name=orig""}]",Ben29072013,Ben,https://abs.twimg.com/sticky/default_profile_images/default_profile_normal.png,1495878109773639684,null,null,null,[],0,0,0,0,1,91,false,false,false,https://twitter.com/Ben29072013/status/1813254932449140912,true
1813267588560134325,2024-07-16 19:40:56 +02:00,"J'avais vu juste et il n'aura finalement fallu attendre que quelques heures.\n\nFree ajoute actuellement les versions HDR de France 2 UHD et France 3 UHD !\n\nDe mauvais élève, et après de nombreux messages de mécontentements sur l'absence de HDR, @OQEEbyFree @Freebox passe en tête en proposant dorénavant deux versions : SDR et HDR. De quoi satisfaire tout le monde (pour ceux qui ont des problèmes avec le HDR) 🥳\n\nFrance 2 UHD : canal 102\nFrance 2 UHD HDR : canal 103\nFrance 3 UHD : canal 104 (ex canal 103)\nFrance 3 UHD HDR : canal 105\n\nDispo suivant la freebox (mettez en commentaire si vous l'avez, ou pas, sur votre Freebox 4K), quelques bugs actuellement (le temps de mettre en place les flux)\n\n(photo discord jartabul)","[{""type"":""photo"",""url"":""https://t.co/j8JOqA9Zer"",""thumbnail"":""https://pbs.twimg.com/media/GSoFQp8XkAAHeiK?format=jpg&name=thumb"",""original"":""https://pbs.twimg.com/media/GSoFQp8XkAAHeiK?format=jpg&name=orig""}]",ultrakfr,Ultra-K.fr,https://pbs.twimg.com/profile_images/1529801153810243584/KkigkGXq_normal.png,814459661718065152,null,null,1813140847531077882,[],107,15,14,1,40,33294,false,false,false,https://twitter.com/ultrakfr/status/1813267588560134325,false
1813579520819286432,2024-07-17 16:20:27 +02:00,"Le service proximité de @free 1 des plus grosses arnaques de ces dernières années.Incompétents et complètement dépassés.Tu en sais plus qu'eux,tu leur dis ce qui marche pas,tu prends un rdv avec un technicien qui vient que ds 1 semaine!\nPratique pr le télétravail!\nPlus de reponse",[],_Kirikou_,Kirikou,https://pbs.twimg.com/profile_images/631117806055124992/wlWt45pP_normal.png,126365317,null,null,null,[],0,0,0,0,2,27,false,false,false,https://twitter.com/_Kirikou_/status/1813579520819286432,true
1813581407668871481,2024-07-17 16:27:56 +02:00,"@free comment vous joindre ? j'ai été débité pour non restitution de matériel pour une résiliation de ligne que je n'ai pas effectuée moi même, impossible de vous joindre car mes identifiants n existent plus, vos relances sont arrivées directement.",[],fannnoche,fannoche,https://pbs.twimg.com/profile_images/1245059874536423427/l-TF7zS9_normal.jpg,874295773,null,null,null,[],0,0,0,0,2,18,false,false,false,https://twitter.com/fannnoche/status/1813581407668871481,true
1813585524109771255,2024-07-17 16:44:18 +02:00,La Freebox #Ultra dans Paris https://t.co/2wcCY93kSD,"[{""type"":""photo"",""url"":""https://t.co/2wcCY93kSD"",""thumbnail"":""https://pbs.twimg.com/media/GSsmUs_XoAAJxV8?format=jpg&name=thumb"",""original"":""https://pbs.twimg.com/media/GSsmUs_XoAAJxV8?format=jpg&name=orig""},{""type"":""photo"",""url"":""https://t.co/2wcCY93kSD"",""thumbnail"":""https://pbs.twimg.com/media/GSsmUtEXMAAKBSg?format=jpg&name=thumb"",""original"":""https://pbs.twimg.com/media/GSsmUtEXMAAKBSg?format=jpg&name=orig""},{""type"":""photo"",""url"":""https://t.co/2wcCY93kSD"",""thumbnail"":""https://pbs.twimg.com/media/GSsmUtFWMAAtdim?format=jpg&name=thumb"",""original"":""https://pbs.twimg.com/media/GSsmUtFWMAAtdim?format=jpg&name=orig""}]",free,Free,https://pbs.twimg.com/profile_images/1775042075882340352/EVf4os4u_normal.jpg,252263949,null,null,1813138986363154920,[],765,47,12,2,32,91423,false,false,false,https://twitter.com/free/status/1813585524109771255,false
1813586665371513000,2024-07-17 16:48:50 +02:00,@free ma fibre HS depuis 3 semaines https://t.co/E8AEMBdLku,"[{""type"":""photo"",""url"":""https://t.co/E8AEMBdLku"",""thumbnail"":""https://pbs.twimg.com/media/GSsnb7BWgAAM4cl?format=png&name=thumb"",""original"":""https://pbs.twimg.com/media/GSsnb7BWgAAM4cl?format=png&name=orig""}]",tud0z,tudoz 🇫🇷,https://pbs.twimg.com/profile_images/1745951555692425216/5xpeoXbR_normal.jpg,965603032019980288,1813585524109771255,null,null,[],2,0,0,0,1,1139,false,false,false,https://twitter.com/tud0z/status/1813586665371513000,
1813586931986698575,2024-07-17 16:49:54 +02:00,@free Vous pouvez m’envoyer les avengers de la fibre svp les mêmes que j’ai chez @terracid ça fait 1mois que j’attend,[],mglp__,paulquivoitdanslenoir,https://pbs.twimg.com/profile_images/1869674288589983744/MyiKTvZh_normal.jpg,1192138598243618816,1813585524109771255,null,null,[],1,0,0,0,1,968,false,false,false,https://twitter.com/mglp__/status/1813586931986698575,true
1813604838682325386,2024-07-17 18:01:03 +02:00,"Bon je travaille En remote chez moi et ça fait 1 semaine que j’ai plus de connexion avec @free , ils ont envoyé un technicien qui a dit « on vous envoie un autres tech » et depuis plus de nouvelles, de base je kiff free, @Xavier75 le boss etc etc mais la ,,,.",[],Lorkydey,Thomas,https://pbs.twimg.com/profile_images/1898608268571717633/CqPecn0v_normal.jpg,1077152320893435904,null,null,null,[],0,0,0,0,2,51,false,false,false,https://twitter.com/Lorkydey/status/1813604838682325386,true
1813625655374098443,2024-07-17 19:23:46 +02:00,@free il va falloir revoir la sélection des installateurs de fibre optique !!! J’ai pas commandé un fil pour étendre mon linge … le voisin non plus ! Donc va falloir revenir !!! https://t.co/eAVSxCijnq,"[{""type"":""photo"",""url"":""https://t.co/eAVSxCijnq"",""thumbnail"":""https://pbs.twimg.com/media/GStK64DXkAEV8nr?format=jpg&name=thumb"",""original"":""https://pbs.twimg.com/media/GStK64DXkAEV8nr?format=jpg&name=orig""}]",Marc_Vador,Marc Vador,https://pbs.twimg.com/profile_images/1600577249/51LSPcgYbvL._SL500_AA280__normal.jpg,300699726,null,null,null,[],0,0,0,0,1,34,false,false,false,https://twitter.com/Marc_Vador/status/1813625655374098443,true
1813628840624943206,2024-07-17 19:36:25 +02:00,"@OQEEbyFree @wdufour105 @ultrakfr @Freebox Bonjour\nComptez vous intégrer les versions HDR de FR2 et FR3 sur les applis Oqee TV hors player pop (LG TV) ? Et si oui, sous quel délai approximatif (à temps pour les JO) ?\nNous sommes nombreux à utiliser l'appli sans le décodeur, ce serait très appréciable.\nMerci par avance",[],gurbain69,PGIndyPacers,https://pbs.twimg.com/profile_images/885175030090539009/5-6fk5sL_normal.jpg,2495892351,1813550141347094545,null,null,[],1,0,0,0,1,46,false,false,false,https://twitter.com/gurbain69/status/1813628840624943206,
1813633896136994907,2024-07-17 19:56:31 +02:00,@Free_1337 @Freebox @Xavier75 \n1/2 \nSalut Free je désespère.....\nClient depuis 20 ans payant à chaque fois le renouvellement de mes box plein tarif sans jamais un geste commercial pour ses vieux clients. \nJe subis depuis le moi de juin des coupures intempestifs de ma ligne,[],Motsen78,Motsen,https://pbs.twimg.com/profile_images/1278018661807251457/jdCEAgE8_normal.jpg,1229545004026212353,null,null,null,[],0,0,0,0,2,115,false,false,false,https://twitter.com/Motsen78/status/1813633896136994907,true
1813652642113229136,2024-07-17 21:11:00 +02:00,@Freebox de l’aide s’il vous plaît 🙏🏼 https://t.co/g7y5s0xEOw,"[{""type"":""animated_gif"",""url"":""https://t.co/g7y5s0xEOw"",""thumbnail"":""https://pbs.twimg.com/tweet_video_thumb/GStjdJ_XYAAXzw1.jpg?name=thumb"",""original"":""https://video.twimg.com/tweet_video/GStjdJ_XYAAXzw1.mp4""}]",soulakhey,Limonade.Rigolade,https://pbs.twimg.com/profile_images/1764313790877745153/K4b6_4ai_normal.jpg,1291160596319211521,null,null,null,[],0,0,0,0,1,90,false,false,false,https://twitter.com/soulakhey/status/1813652642113229136,true
1813672057575731665,2024-07-17 22:28:09 +02:00,"@free @GrandOeil_ Ne passez pas chez free !!!! Depuis le mois de mai, j'attends qu'ils me rendent ma clé avec laquelle l'installateur free est parti !!",[],coWiqx,coWiqx ⏚🏴,https://pbs.twimg.com/profile_images/1638910659629809664/GAZQIQoX_normal.jpg,1098976191703367685,1813209920998662574,null,null,[],0,0,0,0,1,326,false,false,false,https://twitter.com/coWiqx/status/1813672057575731665,true
1813684903856468282,2024-07-17 23:19:12 +02:00,@Freebox pourquoi j’ai des bugs de connexion wsh je paye la fibre,[],Darknig78166491,Store-inodore,https://pbs.twimg.com/profile_images/1829920727362850816/D7sqlhPv_normal.jpg,1645170841481519107,null,null,null,[],0,0,0,0,2,185,false,false,false,https://twitter.com/Darknig78166491/status/1813684903856468282,true
1813698687253746036,2024-07-18 00:13:58 +02:00,"Merci @free de m'avoir fait passer une ""super"" soirée en live et merci pour ces 2 déconnexions pour une mise à jour de la box en pleine soirée...\n\nEn l'espace de 2 mois j'ai déjà eu 2 soucis majeur de connexion avec votre box.... et ça sans JAMAIS aucun geste commercial...",[],HugoRLT__,HugoRLT,https://pbs.twimg.com/profile_images/1914387835148242944/GgyHY--w_normal.jpg,1364927865817604100,null,null,null,[],0,0,0,0,2,67,false,false,false,https://twitter.com/HugoRLT__/status/1813698687253746036,true
1813864570282541144,2024-07-18 11:13:08 +02:00,Bonjour @free je cherche à modifier des mots de passe de boîtes mails qui sont gérés chez vous sur des domaines un peu vieux. Comment peut-on faire ça n'a pas l'air possible via la page webmail free,[],tontonyoy,tontonyoy,https://pbs.twimg.com/profile_images/604920138735976448/0TndXSzW_normal.jpg,1560176012,null,null,null,[],0,0,0,0,2,199,false,false,false,https://twitter.com/tontonyoy/status/1813864570282541144,
1813867624843055326,2024-07-18 11:25:16 +02:00,"@Freebox Bonjour, mes parents ont fait leur inscription ( enfin ! ) le 9, et depuis pas de nouvelle toujours bloqué à cette étape, c'est normal ? https://t.co/NZRZz77fdu","[{""type"":""photo"",""url"":""https://t.co/NZRZz77fdu"",""thumbnail"":""https://pbs.twimg.com/media/GSwm0KzWUAAp0u7?format=png&name=thumb"",""original"":""https://pbs.twimg.com/media/GSwm0KzWUAAp0u7?format=png&name=orig""}]",hnchck,Quentin,https://pbs.twimg.com/profile_images/1814021212034433024/N9U9VIDu_normal.jpg,2719734105,null,null,null,[],0,0,0,0,1,82,false,false,false,https://twitter.com/hnchck/status/1813867624843055326,true
1813886775799984228,2024-07-18 12:41:22 +02:00,"@Freebox c’est normal des signalements pour pertes de synchro (des dizaines de fois par jour), des rendez-vous techniciens annulé sans prévenir le client, une assistance téléphonique qui indique que la ligne est rétablie alors que la Freebox est en étape 3? #freeboxUltra",[],AnthonyPiresG,Anthony Pires,https://pbs.twimg.com/profile_images/1854053944923947008/QuuvVO4-_normal.jpg,95459203,null,null,null,[],0,0,0,0,1,191,false,false,false,https://twitter.com/AnthonyPiresG/status/1813886775799984228,true
1813922662487568753,2024-07-18 15:03:58 +02:00,1/2 [SMSoIMS] Vous pouvez désormais envoyer tous vos SMS par le réseau 4G ou Wi-Fi en France métropolitaine.\nL’option est activée automatiquement pour l’ensemble des abonnés mobiles @free et disponible selon la compatibilité de votre téléphone (Android et iOS). https://t.co/V4NVKpLpLY,"[{""type"":""photo"",""url"":""https://t.co/V4NVKpLpLY"",""thumbnail"":""https://pbs.twimg.com/media/GSxYSvSXEAAS0wJ?format=jpg&name=thumb"",""original"":""https://pbs.twimg.com/media/GSxYSvSXEAAS0wJ?format=jpg&name=orig""}]",Free_1337,Free 1337,https://pbs.twimg.com/profile_images/1436009896311496707/ZZbSW2SK_normal.jpg,1435161160547016704,null,null,null,[],192,40,23,6,31,77913,false,false,false,https://twitter.com/Free_1337/status/1813922662487568753,false
1813977091500802109,2024-07-18 18:40:15 +02:00,@Freebox je ne comprend pas une amie abonnée chez vous avec la delta depuis 2 ans on lui a offert les frais de migration vers la ultra. Moi je suis abonné chez vous depuis 2009 et a moi on me fait payer les frais de migration vers la ultra inadmissible,[],jacquesnote,jacques,https://pbs.twimg.com/profile_images/863818061928951814/1-9TQoRK_normal.jpg,85842120,null,null,null,[],0,1,0,0,1,78,false,false,false,https://twitter.com/jacquesnote/status/1813977091500802109,true
1814009656504885552,2024-07-18 20:49:39 +02:00,Depuis le 23/06 je suis en attente d’un rdv pour la fibre chez @free je suis du coup pas encore client et je pense qu’a cette allure là je ne le serai jamais !! Honteux,[],Y__htz,Y_htz,https://pbs.twimg.com/profile_images/1846672817846194176/6EDZCUCf_normal.jpg,3913341028,null,null,null,[],0,0,0,0,1,6,false,false,false,https://twitter.com/Y__htz/status/1814009656504885552,true
1814030614103785545,2024-07-18 22:12:56 +02:00,@jamelphenomeno @free @free dépêchez vous,[],ariii_miss,𝖒𝖎𝖘𝖆,https://pbs.twimg.com/profile_images/1923428097665257472/XkBJya2D_normal.jpg,1572276767972368386,1814030270229606789,null,null,[],0,0,0,0,1,112,false,false,false,https://twitter.com/ariii_miss/status/1814030614103785545,
1814031065990001071,2024-07-18 22:14:43 +02:00,@jamelphenomeno @free moi aussi j'attend le technicien depuis une semaine,[],bavrooo,bavrooo🇩🇿,https://pbs.twimg.com/profile_images/1932514785557393408/sNkHn_qW_normal.jpg,1026424100212944896,1814030270229606789,null,null,[],0,0,0,0,1,78,false,false,false,https://twitter.com/bavrooo/status/1814031065990001071,false
1814034736118927866,2024-07-18 22:29:18 +02:00,"@free allo,avez vous des nouvelles pour le réseau SVP ???",[],GTrotereau,El Ché,https://pbs.twimg.com/profile_images/897023350861647873/3kh520Kb_normal.jpg,4690380798,null,null,null,[],0,0,0,0,1,22,false,false,false,https://twitter.com/GTrotereau/status/1814034736118927866,
1814035247333253492,2024-07-18 22:31:20 +02:00,@DjheyHl @free Non plus rien depuis 15 mn même Coralie est chez Free en téléphonie et pas de réseau,[],GTrotereau,El Ché,https://pbs.twimg.com/profile_images/897023350861647873/3kh520Kb_normal.jpg,4690380798,1814034932924395867,null,null,[],0,0,0,0,2,26,false,false,false,https://twitter.com/GTrotereau/status/1814035247333253492,true
1814081417405497766,2024-07-19 01:34:48 +02:00,rendez la wifi @free,[],gnabxnahc,🍒 saw Ateez & seeing SKZ,https://pbs.twimg.com/profile_images/1907785582534705152/OG5W7ZES_normal.jpg,3082013559,null,null,null,[],0,0,0,0,1,75,false,false,false,https://twitter.com/gnabxnahc/status/1814081417405497766,false
1814208069481422980,2024-07-19 09:58:04 +02:00,@Freebox Non mais vous répondre trois jours après... Super le service après vente,[],Ben29072013,Ben,https://abs.twimg.com/sticky/default_profile_images/default_profile_normal.png,1495878109773639684,1814205043014299838,null,null,[],0,0,0,0,1,19,false,false,false,https://twitter.com/Ben29072013/status/1814208069481422980,
1814215859520352478,2024-07-19 10:29:02 +02:00,@Freebox Bonjour j'ai fait installer votre box depuis 10 min. Mais comment on fait pour avoir un être humain en ligne pour assistance ? Impossible au 3244 ni au 1044. Merci,[],MasimSaid,Masim Said,https://pbs.twimg.com/profile_images/3540057568/040d6b35a931c1910d87a34e51307eb0_normal.jpeg,870051000,null,null,null,[],0,0,0,0,1,22,false,false,false,https://twitter.com/MasimSaid/status/1814215859520352478,true
1814220122342470038,2024-07-19 10:45:58 +02:00,"@Freebox bonjour Free. Cela fait 1 mois que je n'ai plus internet. Un rdv avait été fixé puis annulé pour, je cite puisque vous deviez intervenir dans ""les plus brefs délais"".\nNous 'avons as la même notion de bref délais.\nQue faut-il faire pour avoir internet ?",[],Dorban,Dorban,https://abs.twimg.com/sticky/default_profile_images/default_profile_normal.png,15272956,null,null,null,[],0,0,0,0,2,55,false,false,false,https://twitter.com/Dorban/status/1814220122342470038,true
1814232564715966700,2024-07-19 11:35:24 +02:00,"@Xavier75 @free @Freebox \nBonjour Monsieur Niel\nVoila plus 20 ans que j'encense Free depuis Freesurf !\nJ'ai tous mes forfaits chez vous ...\nDepuis le 15 fev maintenant, je n'ai plu la fibre pro dans ma société qui, de fait, est en péril ... Que faire ??? \nQuelle déception ...",[],MichaelPincebo1,Michael Pincebourde,https://pbs.twimg.com/profile_images/1583185070050910210/PT0MnIVg_normal.jpg,1583184890236964867,null,null,null,[],0,1,0,0,1,3,false,false,false,https://twitter.com/MichaelPincebo1/status/1814232564715966700,true
1814238911964512258,2024-07-19 12:00:38 +02:00,@free Normal pour vous qu'un des vos employés a souscrit a ma place sans mon accord un abonnement Free mobile et que l'on me demande d'envoyer un courrier de rétractation pour un abonnement que JE n'ai pas pris ?,[],TabaryErwin,Tabary Erwin,https://pbs.twimg.com/profile_images/644210574377787392/QU8VCLp0_normal.jpg,850884319,null,null,null,[],0,0,0,0,1,30,false,false,false,https://twitter.com/TabaryErwin/status/1814238911964512258,true
1814253298322477539,2024-07-19 12:57:48 +02:00,@Free_1337 @Freebox Dites @Freebox vous n’avez pas honte de couper toute connexion et d’afficher un message d’erreur sur la freebox « contactez un technicien pour installer la fibre » c’est quoi ce forcing en pleines vacances d’été? Vous pouvez pas attendre la rentrée? On n’est pas encore en 2025!,[],cavasesavoir2,Et ça…,https://pbs.twimg.com/profile_images/1752777927576420352/E5wBP-JO_normal.jpg,1597179935369695232,1485593294944063490,null,null,[],0,0,0,0,2,137,false,false,false,https://twitter.com/cavasesavoir2/status/1814253298322477539,true
1814266726114107603,2024-07-19 13:51:09 +02:00,"@free 3 semaines sans internet et rien ne bouge malgré plusieurs appels, des rdv techniciens annulés... Chez free quand ça fonctionne c'est bien mais quand il y a un problème technique il n'y a plus personne, ni même au téléphone. Chez free j'ai tout compris : FUIR !",[],reisen67,Éric,https://pbs.twimg.com/profile_images/1834921245353058304/PyWDmjQa_normal.jpg,305286256,null,null,null,[],1,0,0,0,1,33,false,false,false,https://twitter.com/reisen67/status/1814266726114107603,true
1814276844889289006,2024-07-19 14:31:22 +02:00,"Impossible de contacter l’assistance free si c’est pas avec le numero de mobile de la personne concernée ! Super, on peut pas aider les retraités !! @Freebox",[],Francedz213,m,https://pbs.twimg.com/profile_images/434247443409305600/Q_qAXtXn_normal.jpeg,761099040,null,null,null,[],0,0,0,0,2,156,false,false,false,https://twitter.com/Francedz213/status/1814276844889289006,true
1814296005510144260,2024-07-19 15:47:30 +02:00,"@microlinux_eu @free l’assistance Free devient complètement aberrante, l’invention de Proxy n’arrange pas moins la situation",[],enzonaute,enzo ¿ ,https://pbs.twimg.com/profile_images/1891644598868398080/bp7hwPsZ_normal.jpg,480318786,1814285203201827267,null,null,[],0,0,0,0,1,93,false,false,false,https://twitter.com/enzonaute/status/1814296005510144260,true
1814299035529834820,2024-07-19 15:59:32 +02:00,@InfoAbonneCanal abonnée myCANAL via @free je n’ai pas récupéré la diffusion sur mon téléviseur….ça fonctionne sur tablette…est-ce normal?,[],MissWlad,Miss Wlad ن ✡🏌🏻‍♀️🇪🇺🇵🇱🇺🇦🇮🇱🎗️,https://pbs.twimg.com/profile_images/591543744425553921/vUpbZjQp_normal.jpg,1845168277,null,null,null,[],1,0,0,0,2,163,false,false,false,https://twitter.com/MissWlad/status/1814299035529834820,true
1814306411746054410,2024-07-19 16:28:51 +02:00,@Free_1337 @free @nPerf Sa donne que j’ai besoin de couverture au travail  help me !! saint Pol sur Ternoise 62130 https://t.co/VQnBAjvekI,"[{""type"":""photo"",""url"":""https://t.co/VQnBAjvekI"",""thumbnail"":""https://pbs.twimg.com/media/GS22B5AW8AA2mPv?format=jpg&name=thumb"",""original"":""https://pbs.twimg.com/media/GS22B5AW8AA2mPv?format=jpg&name=orig""}]",raynald62,Raynald RAY RAY,https://pbs.twimg.com/profile_images/777520735539593216/Wd-EKEJN_normal.jpg,366673808,1811340901450473847,null,null,[],0,0,0,0,1,15,false,false,false,https://twitter.com/raynald62/status/1814306411746054410,true
1814314333343465484,2024-07-19 17:00:20 +02:00,@ultrakfr @OQEEbyFree @Freebox Toujours de chaine 103 et 104 HDR sur @OQEEbyFree sur ma tv samsung.,[],mrkilkenny91,MrKilkennnny,https://pbs.twimg.com/profile_images/1894066894124032000/Hc-q-v9L_normal.jpg,40479195,1813267588560134325,null,null,[],0,0,0,0,2,175,false,false,false,https://twitter.com/mrkilkenny91/status/1814314333343465484,true
1814327641547145515,2024-07-19 17:53:12 +02:00,@free  c'est normal de balader vos clients victimes d'un écrasement de ligne pendant un mois sans aucune information sur un délai d'intervention ? Pourtant la loi vous donne 8 jours pour rétablir la connexion. Ou alors free je n'ai pas tout compris,[],ADianeadam,Diane Adam,https://abs.twimg.com/sticky/default_profile_images/default_profile_normal.png,2344076950,null,null,null,[],0,0,0,0,1,67,false,false,false,https://twitter.com/ADianeadam/status/1814327641547145515,
1814334384704565600,2024-07-19 18:20:00 +02:00,@Freebox je n’en peux plus 1 mois que la box s’arrête en pleine journée pour ne redémarrer qu’a 23h impossible de vous joindre ! C’est terminé je résilie. À ce niveau c’est de l’incompétence.,[],CalieeeFourchon,CalieFourchon,https://pbs.twimg.com/profile_images/775073927991287808/qqBYg-12_normal.jpg,775070842514538496,null,null,null,[],1,0,0,0,1,783,false,false,false,https://twitter.com/CalieeeFourchon/status/1814334384704565600,true
1814336508846899237,2024-07-19 18:28:27 +02:00,"@Free_1337 @free il faudrait deja commencer par assurer un reseau correct ! pas de reseau mobile depuis une semaine dans le Nord des Landes, free annonce une maintenance des relais, et maintenant comme ça dure, free accuse Enedis pour une histoire de ""compteur electrique"" de qui se moque t'on ??",[],JosDuklein,Joseph Duklein,https://pbs.twimg.com/profile_images/1730631549731676160/e1f2HWUQ_normal.png,1730631343149617153,1813922662487568753,null,null,[],2,0,0,0,2,356,false,false,false,https://twitter.com/JosDuklein/status/1814336508846899237,true
1814336903992541578,2024-07-19 18:30:01 +02:00,C’est quoi le problème avec @free ? La wifi de chez moi n’arrête pas de sauter. Je paye 48€ par mois pour ne pas avoir de connexion. Foutaise !,[],DebyZknd,Z I K O N D O 🇨🇩🍭,https://pbs.twimg.com/profile_images/1797005880543633409/zb3ea9uy_normal.jpg,748063508,null,null,null,[],4,2,0,0,3,1250,false,false,false,https://twitter.com/DebyZknd/status/1814336903992541578,true
1814344612590358589,2024-07-19 19:00:39 +02:00,C’est parti pour la finale du Mondial de rugby U20 💪🇫🇷\n\nALLEZ LES BLEUETS ! \n\n#lequipeRUGBY https://t.co/t6LVY8kpuM,"[{""type"":""video"",""url"":""https://t.co/t6LVY8kpuM"",""thumbnail"":""https://pbs.twimg.com/media/GS3YwoMXcAAMgRg?format=jpg&name=thumb"",""original"":""https://video.twimg.com/amplify_video/1814344559150645248/vid/avc1/1280x720/v737kr5hWmMm2wpR.mp4?tag=16""}]",lachainelequipe,la chaine L'Équipe,https://pbs.twimg.com/profile_images/898131594275368960/kXWbIelw_normal.jpg,2231296237,null,null,null,[],130,8,2,2,18,49268,false,false,false,https://twitter.com/lachainelequipe/status/1814344612590358589,false
1814348139559612633,2024-07-19 19:14:40 +02:00,"Commence vraiment à m'agacer @Freebox. 3 jours pas de Tv pas d'internet, censé être rétabli à 16h, toujours rien. C'est pas la 1ere fois que ça merde",[],AnaisSeref,Anaïs.,https://pbs.twimg.com/profile_images/1735752157230440448/Dry1Mw2b_normal.jpg,32882214,null,null,null,[],3,0,0,0,1,1099,false,false,false,https://twitter.com/AnaisSeref/status/1814348139559612633,true
1814348364185538617,2024-07-19 19:15:33 +02:00,La diffusion de @BFMTV interrompue depuis plus de dix’ minutes sur @free #freebox @Freebox,[],Fab_LCL,Fabrice Leclerc,https://pbs.twimg.com/profile_images/1578439959157112842/6VCohICY_normal.jpg,14673874,null,null,null,[],2,0,0,0,3,2372,false,false,false,https://twitter.com/Fab_LCL/status/1814348364185538617,true
1814348631937311037,2024-07-19 19:16:37 +02:00,"@Freebox @free \n\nCoucou ! \nJe n'arrive pas à me faire comprendre par votre conseiller, \n\nJe souhaite avoir &gt; Freebox Ultra. \nJe possède déjà un abo netflix + prime : \n\nJe n'aurai plus qu'à payer la différence entre le tarif de votre forfait Netflix et le prix de ma formule ?",[],Lecteur_Du_Soir,Kiard,https://pbs.twimg.com/profile_images/1582076698799095817/wedH857D_normal.jpg,1496575107220881417,null,null,null,[],1,1,0,0,1,226,false,false,false,https://twitter.com/Lecteur_Du_Soir/status/1814348631937311037,true
1814348648827834768,2024-07-19 19:16:41 +02:00,"@Freebox bonjour, pas mal de problème de réception chaînes, êtes-vous confronté à divers problèmes ? Merci pour votre retour",[],frigotier59,Frigotier59,https://pbs.twimg.com/profile_images/1279689188582064129/gAMvYBt3_normal.jpg,387807040,null,null,null,[],8,0,0,0,9,2695,false,false,false,https://twitter.com/frigotier59/status/1814348648827834768,true
1814350121863180290,2024-07-19 19:22:32 +02:00,"@Fab_LCL @BFMTV @free @Freebox J'ai FR2/FR3 et quelques autres où j'ai un écran noir. BFM ça s'arrête, revient, s'arrête.....",[],Michaela31700,Michaela70,https://pbs.twimg.com/profile_images/1677231381925994498/8NhtBXk9_normal.jpg,813551671,1814348364185538617,null,null,[],0,0,0,0,2,328,false,false,false,https://twitter.com/Michaela31700/status/1814350121863180290,true
1814351024800338122,2024-07-19 19:26:07 +02:00,@DebyZknd @free Je pensais être le seul ça me clc la sah,[],Azyakitte,🇨🇴🇵🇸,https://pbs.twimg.com/profile_images/1769019347073183744/ExB2QZlN_normal.jpg,1537744518946119686,1814336903992541578,null,null,[],1,0,0,0,4,138,false,false,false,https://twitter.com/Azyakitte/status/1814351024800338122,
1814351117712818309,2024-07-19 19:26:30 +02:00,"@lachainelequipe @RugbyWorldCupFR @rugbyworldcup @WorldRugby @worldrugbymedia Ho @free c'est quoi cette merde là j'ai beau redémarrer la box,\n là chaine l'équipe 21 fait que de couper\nSur mycanal ça coupe pas...",[],kaelinou,Mickæl KÆL ,https://pbs.twimg.com/profile_images/1530876296376553480/yIr0AUN__normal.jpg,127566977,1814349764571345072,null,null,[],5,0,0,0,1,262,false,false,false,https://twitter.com/kaelinou/status/1814351117712818309,true
1814351196942970891,2024-07-19 19:26:49 +02:00,"@free je tente de regarder le rugby sur @lequipe là... C'est un enfer ça saute toute les 2 secondes. C'est partout chez vous ou juste moi ? En attendant je coupe, c'est infernal 😩 https://t.co/43p4wjDDVd","[{""type"":""photo"",""url"":""https://t.co/43p4wjDDVd"",""thumbnail"":""https://pbs.twimg.com/media/GS3ezFHXMAAN_om?format=jpg&name=thumb"",""original"":""https://pbs.twimg.com/media/GS3ezFHXMAAN_om?format=jpg&name=orig""}]",Heddicmi,Heddicmi,https://pbs.twimg.com/profile_images/1591735377/avatar_normal.jpg,215987080,null,null,null,[],0,0,0,0,1,44,false,false,false,https://twitter.com/Heddicmi/status/1814351196942970891,true
1814351242035884167,2024-07-19 19:26:59 +02:00,Problème de flux Tv sur Levallois 92300 alors que le débit internet est ok \nVous avez des soucis identifiés @Free_1337 @free ?,[],GrienerA,Griener Marc-Alban,https://abs.twimg.com/sticky/default_profile_images/default_profile_normal.png,1376423507899351041,null,null,null,[],0,0,0,0,1,299,false,false,false,https://twitter.com/GrienerA/status/1814351242035884167,true
