timestamp,model,row_index,tweet_id,screen_name,elapsed_sec,raw_output,extracted_value,mapped_utile,prompt_used,text_preview,judge_verdict,judge_name
2025-11-18 15:25:55,llama3.2:3b,1,,m_annuel,1.942,"{""status"": ""problem""}",problem,true,custom,"üí© √† @free parce-que D√©bit Tr√®s instable, ‚Ä¶ \n\nFree en France: vitesse, performances, pannes et commentaires des utilisateurs\nüëâ https://t.co/Yab5ES2gLh\n\n#fing #internet #Free\n\nvia @fingapp @outagedetect","{'verdict': 'pass', 'reason': 'Classification aligns with heuristic keywords.'}",J_utile_consistency
2025-11-18 15:25:55,llama3.2:3b,2,,Freebox,0.240,"{""status"": ""not_problem""}",not_problem,false,custom,"RT @free: Retrouvez d√©sormais @ToonamiFR, la cha√Æne pour tous les fans de super-h√©ros sur le canal 82 ! https://t.co/kuAYafYDiT","{'verdict': 'pass', 'reason': 'Classification aligns with heuristic keywords.'}",J_utile_consistency
2025-11-18 15:25:56,llama3.2:3b,3,,Freebox,0.261,"{""status"": ""not_problem""}",not_problem,false,custom,"RT @free: A suivre ce soir, le 1er match de l‚ÄôUEFA EURO 2020‚Ñ¢ en #4K sur votre Freebox avec TF1 4K ! üáπüá∑‚öΩÔ∏èüáÆüáπ #EURO2020 https://t.co/gMTcYtGd‚Ä¶","{'verdict': 'pass', 'reason': 'Classification aligns with heuristic keywords.'}",J_utile_consistency
2025-11-18 15:25:56,llama3.2:3b,4,,Freebox,0.251,"{""status"": ""not_problem""}",not_problem,false,custom,"RT @free: Disponible sur le canal 101 avec les Freebox compatibles, Pop, Delta Devialet &amp; Mini4k !\nhttps://t.co/rZugCytA1J","{'verdict': 'pass', 'reason': 'Classification aligns with heuristic keywords.'}",J_utile_consistency
2025-11-18 15:25:56,llama3.2:3b,5,,Freebox,0.241,"{""status"": ""not_problem""}",not_problem,false,custom,"¬´ Faites vos premiers pas avec nous ! D√©couvrez votre nouveau site d'assistance Freebox et Mobile, sur https://t.co/yw1XX4zeSx üöÄ https://t.co/YCMv79evbM","{'verdict': 'pass', 'reason': 'Classification aligns with heuristic keywords.'}",J_utile_consistency
2025-11-18 15:25:56,llama3.2:3b,6,,Freebox,0.248,"{""status"": ""problem""}",problem,true,custom,RT @free: ‚ö†Ô∏è Des personnes malveillantes se font passer pour le service client de Free dans le but de faire baisser votre facture Freebox :‚Ä¶,"{'verdict': 'pass', 'reason': 'Classification aligns with heuristic keywords.'}",J_utile_consistency
2025-11-18 15:25:57,llama3.2:3b,7,,Freebox,0.240,"{""status"": ""not_problem""}",not_problem,false,custom,"RT @free: [NOUVEAU]\nAbonn√©s Freebox Pop, pour bien commencer la rentr√©e, CANAL+S√âRIES vous est offert pendant 1 an ! üòçüòé@canalplus https://t‚Ä¶","{'verdict': 'pass', 'reason': 'Classification aligns with heuristic keywords.'}",J_utile_consistency
2025-11-18 15:25:57,llama3.2:3b,8,,Freebox,0.255,"{""status"": ""not_problem""}",not_problem,false,custom,"RT @BusyspiderFr: Astuce üí°Chez @Free les Emails sont √† vie, mais suite √† r√©siliation @Freebox, ils deviennent orphelins. Pour les rendre de‚Ä¶","{'verdict': 'pass', 'reason': 'Classification aligns with heuristic keywords.'}",J_utile_consistency
2025-11-18 15:25:57,llama3.2:3b,9,,Freebox,0.241,"{""status"": ""not_problem""}",not_problem,false,custom,"FreePlugs et bo√Ætiers CPL personnels : g√©rer votre r√©seau CPL üîó\nOn vous explique comment installer, optimiser et/ou repenser votre r√©seau CPL afin d'am√©liorer la liaison avec vos √©quipements.\nhttps://t.co/DhK2hGTAR3 https://t.co/JF6sn3PMyK","{'verdict': 'pass', 'reason': 'Classification aligns with heuristic keywords.'}",J_utile_consistency
2025-11-18 15:25:57,llama3.2:3b,10,,Freebox,0.242,"{""status"": ""not_problem""}",not_problem,false,custom,"RT @free: Vous allez commencer le match avec 15 min de retard ?  Pas de soucis avec la fonction Start-over, maintenant disponible sur Freeb‚Ä¶","{'verdict': 'pass', 'reason': 'Classification aligns with heuristic keywords.'}",J_utile_consistency
2025-11-18 15:25:58,llama3.2:3b,11,,Freebox,0.252,"{""status"": ""not_problem""}",not_problem,false,custom,"RT @free: L'application Freebox Home est maintenant disponible en version officielle pour Android &amp; iOS. üì≤\nPour la t√©l√©charger, c'est ici‚û°Ô∏è‚Ä¶","{'verdict': 'pass', 'reason': 'Classification aligns with heuristic keywords.'}",J_utile_consistency
2025-11-18 15:25:58,llama3.2:3b,12,,Freebox,0.237,"{""status"": ""problem""}",problem,true,custom,"RT @Free_1337: Une coupure de fibres ""multi op√©rateurs"" engendre depuis ce matin des perturbations de service sur Saint Pol sur Ternoise (6‚Ä¶","{'verdict': 'pass', 'reason': 'Classification aligns with heuristic keywords.'}",J_utile_consistency
2025-11-18 15:25:58,llama3.2:3b,13,,Freebox,0.238,"{""status"": ""problem""}",problem,true,custom,RT @Free_1337: Nous avons un incident qui engendre une perte de service de certains abonn√©s sur les villes de Laon et Soissons (02). Une in‚Ä¶,"{'verdict': 'pass', 'reason': 'Classification aligns with heuristic keywords.'}",J_utile_consistency
2025-11-18 15:25:58,llama3.2:3b,14,,Freebox,0.239,"{""status"": ""problem""}",problem,true,custom,RT @Free_1337: Une rupture de fibre entra√Æne des perturbations de service dans la r√©gion de Cernay La Ville et Chevreuse (78). Une √©quipe e‚Ä¶,"{'verdict': 'pass', 'reason': 'Classification aligns with heuristic keywords.'}",J_utile_consistency
2025-11-18 15:25:59,llama3.2:3b,15,,Freebox,0.229,"{""status"": ""problem""}",problem,true,custom,RT @Free_1337: Une rupture de fibre entra√Æne des perturbations de service depuis 14h30 sur une partie de Strasbourg / Koenigshoffen / Crone‚Ä¶,"{'verdict': 'pass', 'reason': 'Classification aligns with heuristic keywords.'}",J_utile_consistency
2025-11-18 15:25:59,llama3.2:3b,16,,Free_1337,0.249,"{""status"": ""problem""}",problem,true,custom,"Un incident sur nos fibres engendre des perturbations de service sur une partie des d√©partements du Lot (46) et de l'Aveyron (12).\nDes investigations sont en cours, merci de votre patience.","{'verdict': 'pass', 'reason': 'Classification aligns with heuristic keywords.'}",J_utile_consistency
2025-11-18 15:25:59,llama3.2:3b,17,,Freebox,0.246,"{""status"": ""problem""}",problem,true,custom,RT @Free_1337: Un incident sur nos fibres engendre des perturbations de service sur une partie des d√©partements du Lot (46) et de l'Aveyron‚Ä¶,"{'verdict': 'pass', 'reason': 'Classification aligns with heuristic keywords.'}",J_utile_consistency
2025-11-18 15:25:59,llama3.2:3b,18,,Freebox,0.265,"{""status"": ""not_problem""}",not_problem,false,custom,Les √©quipes de l‚Äôassistance Free vous souhaitent de joyeuses f√™tes ! Nos services profitent aussi des f√™tes ce 25 d√©cembre et seront de retour le 26 d√®s 9h00 ! üéÖüèªüéÅ https://t.co/dhPpFn9nfG,"{'verdict': 'fail', 'reason': 'Tweet looks like an issue but classification flagged otherwise.'}",J_utile_consistency
2025-11-18 15:26:00,llama3.2:3b,19,,Freebox,0.247,"{""status"": ""not_problem""}",not_problem,false,custom,Les √©quipes de l‚Äôassistance Free vous souhaitent une excellente ann√©e 2022 ! Nous ferons aussi la f√™te le 1er janvier et nous serons de retour le 02 d√®s 9h00 ! üéÜüéâ https://t.co/Nhz5mq8kuR,"{'verdict': 'fail', 'reason': 'Tweet looks like an issue but classification flagged otherwise.'}",J_utile_consistency
2025-11-18 15:26:00,llama3.2:3b,20,,free,0.240,"{""status"": ""not_problem""}",not_problem,false,custom,"Libert√©, √©galit√©, prix inchang√©s. https://t.co/n0IdhVaeCq","{'verdict': 'pass', 'reason': 'Classification aligns with heuristic keywords.'}",J_utile_consistency
